UniProt Accession Number,Gene names,Intensity 31578,Intensity 31580,Intensity 31579,Intensity 31581,has_missing_data,fold_change_exp1,fold_change_exp2,mean_fold_change,log2_fold_change,regulated
Q9QZ23,Nfu1,451710000,182010000,110270000,100740000,False,0.2441168006021563,0.5534860721938355,0.3988014363979959,-1.326257488861049,DOWN
Q9CXW4,Rpl11,272140000,230660000,215720000,548710000,False,0.7926802381127361,2.378869331483569,1.585774784798152,0.6651878908865023,UP
P35564,Canx,108230000,295470000,402970000,639830000,False,3.723274507992239,2.165465191051545,2.944369849521892,1.557958903241921,UP
P35585,Ap1m1,411220000,352110000,279890000,104480000,False,0.6806332376829921,0.2967254551134589,0.4886793463982255,-1.033039963248379,DOWN
Q8BPG6,Sumf2,289750000,208210000,21501000,95083000,False,0.0742053494391717,0.4566687478987561,0.2654370486689639,-1.913558344372754,DOWN
Q9D8S9,Bola1,46360000,10670000,26638000,75029000,False,0.5745901639344262,7.031771321462043,3.803180742698235,1.927206503364563,UP
Q9CR86,Carhsp1,157620000,90866000,68369000,43946000,False,0.4337584062936176,0.4836352431052319,0.4586968246994247,-1.124387174400667,DOWN
P13707,Gpd1,285430000,438880000,82257000,160740000,False,0.2881862453140875,0.366250455705432,0.3272183505097598,-1.611674437539627,DOWN
Q8R326,Pspc1,17760000,4183700,6750200,18950000,False,0.3800788288288288,4.529483471568229,2.454781150198529,1.295594410447473,UP
Q9CQR2,Rps21,266610000,159010000,1096800000,184190000,False,4.113874198267132,1.158354820451544,2.636114509359338,1.398413040488878,UP
P55821,Stmn2,400270000,262070000,566450000,582310000,False,1.415169760411722,2.221963597512115,1.818566678961919,0.8628018241405735,UP
Q920B9,Supt16h,473250000,1757400000,106220000,703610000,False,0.2244479661912309,0.4003698645726642,0.3124089153819475,-1.678492469852432,DOWN
Q505B7,Zbtb8os,234000000,238560000,235040000,479100000,False,1.004444444444444,2.008299798792756,1.5063721216186,0.5910782054001704,UP
P23198,Cbx3,365920000,112760000,193220000,408170000,False,0.5280389156099694,3.6198119900674,2.073925452838685,1.052364037471853,UP
Q6P3D0,Nudt16,155550000,51327000,93096000,16968000,False,0.5984956605593057,0.3305862411596236,0.4645409508594647,-1.106122314215366,DOWN
Q9JL35,Hmgn5,369360000,97256000,47073000,46481000,False,0.1274447693307342,0.4779242411779222,0.3026845052543282,-1.724113270943932,DOWN
Q99JI6;P62835,Rap1b;Rap1a,108120000,100260000,328140000,401500000,False,3.03496115427303,4.00458807101536,3.519774612644195,1.815483049421894,UP
Q8BG95,Ppp1r12b,40161000,27278000,10274000,12586000,False,0.2558203231991235,0.4613974631571229,0.3586088931781232,-1.479516828697564,DOWN
Q8BY87,Usp47,275300000,487840000,6649600,235390000,False,0.02415401380312386,0.4825147589373565,0.2533343863702402,-1.980885180178746,DOWN
P16110,Lgals3,126760000,70218000,23095000,50856000,False,0.1821946986431051,0.7242587370759634,0.4532267178595343,-1.141695183889372,DOWN
Q8K310,Matr3,229650000,337280000,79993000,66982000,False,0.348325713041585,0.1985946394686907,0.2734601762551379,-1.870597344876733,DOWN
O70318,Epb41l2,396200000,157550000,59930000,22735000,False,0.1512619888944977,0.1443033957473818,0.1477826923209398,-2.758450777804279,DOWN
Q9DB05,Napa,194310000,125010000,75100000,42161000,False,0.3864958056713499,0.3372610191184705,0.3618784123949102,-1.466423047579607,DOWN
P63001;P60764,Rac1;Rac3,172000000,586790000,271620000,1194600000,False,1.579186046511628,2.035822014690094,1.807504030600861,0.8539988642836629,UP
P63037,Dnaja1,103690000,68633000,44486000,32413000,False,0.4290288359533224,0.4722655282444305,0.4506471820988764,-1.149929725351835,DOWN
Q3UHN9,Ndst1,129110000,59251000,104570000,132420000,False,0.809929517465727,2.234898989046598,1.522414253256163,0.6063609736910225,UP
P48036,Anxa5,125560000,203640000,38794000,90850000,False,0.3089678241478178,0.4461304262423885,0.3775491251951031,-1.405263720477931,DOWN
P42225,Stat1,99904000,15203000,414930000,32796000,False,4.153287155669442,2.157205814641847,3.155246485155645,1.657752711712307,UP
Q9CQW1,Ykt6,175930000,157380000,340140000,242520000,False,1.933382595350424,1.540983606557377,1.7371831009539,0.7967498236604952,UP
P62814,Atp6v1b2,430210000,81652000,1069900000,246750000,False,2.486924990121103,3.021971292803606,2.754448141462355,1.461763301255019,UP
Q78ZA7,Nap1l4,422580000,486470000,7522600,204750000,False,0.01780159969709878,0.4208892634694842,0.2193454315832915,-2.188723435946516,DOWN
Q9Z1B5,Mad2l1,137880000,77938000,334730000,307430000,False,2.427690745575863,3.944545664502553,3.186118205039208,1.671799791866497,UP
P63168,Dynll1,200260000,24446000,54928000,78055000,False,0.2742834315389993,3.192955902806185,1.733619667172592,0.7937874253943755,UP
Q8VCT3,Rnpep,281060000,217140000,24696000,897410000,False,0.08786735928271544,4.132863590310399,2.110365474796557,1.077492867661143,UP
Q9CQE8,,150690000,30124000,65407000,14260000,False,0.4340500364987723,0.4733767096003187,0.4537133730495455,-1.140146911619407,DOWN
Q9CQJ6,Denr,165630000,132670000,130150000,356240000,False,0.7857875988649399,2.685158664355167,1.735473131610053,0.795329029705313,UP
Q9CQM5,Txndc17,423830000,133010000,764420000,1089300000,False,1.803600500200552,8.189609803774152,4.996605151987352,2.320948216117273,UP
Q99JT9,Adi1,98093000,96017000,658820000,124830000,False,6.716279449094227,1.300082277096764,4.008180863095496,2.002947609432278,UP
Q91VH6,Memo1,196060000,151350000,10278000,12247000,False,0.05242272773640722,0.0809184010571523,0.06667056439677976,-3.906806249535608,DOWN
Q9DBB8,Dhdh,92177000,67065000,54042000,21689000,False,0.5862850819618777,0.3234026690524118,0.4548438755071448,-1.136556667562482,DOWN
Q9QYJ0,Dnaja2,184210000,30450000,22260000,19059000,False,0.1208403452581293,0.6259113300492611,0.3733758376536952,-1.421299525719287,DOWN
P97346,Nxn,182200000,208490000,76073000,38417000,False,0.4175246981339188,0.1842630341982829,0.3008938661661008,-1.732673397793863,DOWN
Q9WUM3,Coro1b,75874000,84415000,191180000,53999000,False,2.519703719324143,0.6396848901261624,1.579694304725153,0.6596454016132154,UP
Q61838,A2m,481630000,354430000,382230000,14983000,False,0.7936175072150821,0.04227350957876026,0.4179455083969212,-1.258613238442911,DOWN
O35955,Psmb10,259150000,157070000,194130000,994540000,False,0.7491028361952538,6.331826574138919,3.540464705167087,1.823938734274223,UP
P62077,Timm8b,62527000,61425000,30946000,13288000,False,0.4949221936123595,0.2163288563288563,0.3556255249706079,-1.491569217775535,DOWN
Q9Z0P5,Twf2,103250000,68981000,80869000,8723200,False,0.7832348668280872,0.1264580101767153,0.4548464385024013,-1.136548538157366,DOWN
P62313,Lsm6,58148000,41467000,199080000,65818000,False,3.423677512554172,1.587238044710251,2.505457778632212,1.325074226024858,UP
Q8BGC4,Zadh2,164960000,208920000,50869000,26430000,False,0.3083717264791465,0.1265077541642734,0.2174397403217099,-2.201312456612784,DOWN
Q91VW3,Sh3bgrl3,646340000,711560000,1041500000,1139200000,False,1.611381006900393,1.600989375456743,1.606185191178568,0.6836382434105853,UP
O08547,Sec22b,29245000,23675000,31405000,61333000,False,1.073858779278509,2.590623020063358,1.832240899670934,0.8736091988018507,UP
P61600,Naa20,132200000,54062000,26694000,162310000,False,0.2019213313161876,3.002293662831564,1.602107497073876,0.6799709519241297,UP
Q62048,Pea15,71800000,145800000,11864000,43275000,False,0.1652367688022284,0.2968106995884774,0.2310237341953529,-2.113887020531779,DOWN
Q3SXD3,Hddc2,233810000,200270000,28755000,168600000,False,0.1229844745733715,0.8418634842962002,0.4824239794347859,-1.051626475062627,DOWN
Q9CYZ2,Tpd52l2,84223000,13557000,55603000,63755000,False,0.6601878346769885,4.702736593641661,2.681462214159325,1.423019923759035,UP
Q9JHI5,Ivd,148800000,91802000,387870000,256260000,False,2.606653225806451,2.791442452234156,2.699047839020304,1.432450547944337,UP
Q7TMR0,Prcp,304510000,557280000,486410000,1220200000,False,1.597353124692128,2.189563594602354,1.893458359647241,0.9210236942664363,UP
Q91V88,Npnt,78461000,46709000,7174300,9794300,False,0.0914377843769516,0.2096876404975486,0.1505627124372501,-2.731563570844033,DOWN
P04202,Tgfb1,68394000,32641000,156460000,111500000,False,2.287627569669854,3.415949266260225,2.851788417965039,1.511866948234849,UP
P10148,Ccl2,525700000,871220000,1825300000,1647300000,False,3.472132394902035,1.890796813663598,2.681464604282817,1.423021209705842,UP
P99028,Uqcrh,43809000,5782700,20339000,1655900,False,0.4642653336072496,0.2863541252356166,0.3753097294214331,-1.413846404166575,DOWN
Q9D868,Ppih,91483000,11285000,90858000,40712000,False,0.9931681295978487,3.607620735489588,2.300394432543718,1.201881251207407,UP
Q9R0N0,Galk1,169650000,73096000,53206000,24129000,False,0.3136221632773357,0.3301001422786473,0.3218611527779914,-1.635489634494828,DOWN
Q62059,Vcan,22127000,327920000,4642900,95298000,False,0.209829619921363,0.2906135642839717,0.2502215921026674,-1.998721807080793,DOWN
O55057,Pde6d,789650000,411480000,81819000,76627000,False,0.103614259482049,0.186222902692719,0.144918581087384,-2.786685509488741,DOWN
P23780,Glb1,338360000,250570000,36003000,119810000,False,0.1064044213263979,0.478149818414016,0.292277119870207,-1.774591198831888,DOWN
Q9JLT4,Txnrd2,140800000,106370000,54988000,32913000,False,0.3905397727272727,0.3094199492338065,0.3499798609805396,-1.514656187970997,DOWN
O89112,Lancl1,167360000,85974000,62839000,37599000,False,0.3754720363288719,0.4373298904319911,0.4064009633804315,-1.299024272839971,DOWN
Q9QUI0;Q62159,Rhoa;Rhoc,303280000,158760000,77948000,766610000,False,0.2570166183065155,4.828735197782817,2.542875908044666,1.346461060448489,UP
Q91XA2,Golm1,183920000,225460000,321510000,322890000,False,1.748096998695085,1.432138738578905,1.590117868636995,0.6691337102866303,UP
P61290,Psme3,231910000,148100000,205770000,373100000,False,0.8872838601181493,2.519243754220121,1.703263807169135,0.7683019017336382,UP
Q8BHN0,Ppm1l,72094000,18761000,109330000,64632000,False,1.516492357200322,3.44501892223229,2.480755639716306,1.310779633363441,UP
Q8BI72,Cdkn2aip,88430000,10716000,5231300,32225000,False,0.05915752572656338,3.007185516983949,1.533171521355256,0.6165191054548733,UP
Q9WUD8,Faim,117100000,29539000,153830000,75263000,False,1.313663535439795,2.54791969938048,1.930791617410137,0.9491924684048502,UP
Q62148,Aldh1a2,649560000,190370000,451640000,56160000,False,0.6953014348174149,0.2950044649892315,0.4951529499033232,-1.014053860638135,DOWN
P62806,Hist1h4a,2049300000,2274300000,1506400000,5568300000,False,0.7350802713121554,2.448357736446379,1.591719003879267,0.6705856703721692,UP
Q9D6J6,Ndufv2,1998700000,1261600000,163530000,141050000,False,0.08181818181818182,0.1118024730500951,0.09681032743413848,-3.368695231703779,DOWN
Q8R242,Ctbs,1034000000,1324000000,482460000,651880000,False,0.4665957446808511,0.4923564954682779,0.4794761200745645,-1.060469130129674,DOWN
P84078;P61205;Q8BSL7,Arf1;Arf3;Arf2,469120000,514630000,626700000,911560000,False,1.335905525238745,1.771291996191438,1.553598760715092,0.6356139550517044,UP
P36993,Ppm1b,233670000,98744000,17573000,28002000,False,0.0752043480121539,0.2835817872478328,0.1793930676299934,-2.478803954290556,DOWN
P97461,Rps5,173220000,91012000,104370000,246580000,False,0.6025285763768617,2.709313057618775,1.655920816997819,0.7276336875378281,UP
O88322,Nid2,126430000,267220000,410690000,334700000,False,3.248358775607055,1.252526008532296,2.250442392069675,1.170208634379479,UP
Q04997,Inha,642320000,59623000,326910000,149160000,False,0.508951924274505,2.501719135233047,1.505335529753776,0.5900850904136077,UP
P55264,Adk,175600000,68930000,205290000,215720000,False,1.169077448747153,3.129551719135355,2.149314583941254,1.103876657952592,UP
Q8BP48,Metap1,358880000,411460000,144410000,239890000,False,0.402390771288453,0.5830214358625383,0.4927061035754956,-1.021200751218679,DOWN
P50431,Shmt1,254850000,39248000,115990000,136310000,False,0.4551304689032765,3.473043212392988,1.964086840648132,0.9738587187578428,UP
Q9WUK2,Eif4h,208410000,198190000,19081000,55490000,False,0.09155510772035891,0.2799838538775922,0.1857694807989756,-2.428414587335285,DOWN
Q62426,Cstb,1575700000,684620000,1256800000,1685900000,False,0.7976137589642699,2.462533960445211,1.63007385970474,0.704937335386187,UP
P46664,Adss,309850000,787340000,67583000,377720000,False,0.2181152170405035,0.4797419158178169,0.3489285664291602,-1.518996380534724,DOWN
Q8R050;Q149F3,Gspt1;Gspt2,991290000,760740000,50152000,47217000,False,0.05059266208677582,0.06206719772852749,0.05632992990765165,-4.149954513367621,DOWN
Q3UM45,Ppp1r7,541160000,382680000,335410000,104330000,False,0.6197982112499076,0.2726298735235706,0.4462140423867391,-1.164192178878296,DOWN
Q3TMX7,Qsox2,179880000,46792000,445010000,465250000,False,2.473927062486102,9.942938963925457,6.208433013205779,2.634229183204607,UP
Q9EQ80,Nif3l1,595530000,392770000,265730000,114850000,False,0.4462075798028647,0.2924103164701988,0.3693089481365318,-1.437099876276128,DOWN
P83940,Tceb1,515500000,166060000,469890000,414310000,False,0.9115227934044617,2.494941587378056,1.703232190391259,0.7682751215062815,UP
P84089,Erh,863660000,209000000,1114000000,834470000,False,1.289859435425978,3.99267942583732,2.641269430631649,1.401231475458014,UP
P19536,Cox5b,76151000,38738000,82972000,88462000,False,1.089572034510381,2.28359750116165,1.686584767836016,0.75410483010424,UP
P99027,Rplp2,2164400000,689330000,934730000,2030200000,False,0.4318656440583996,2.945178651734293,1.688522147896346,0.7557611029170014,UP
P14869,Rplp0,1682700000,2256600000,835600000,537390000,False,0.4965828727640102,0.2381414517415581,0.3673621622527842,-1.444725056193756,DOWN
Q9WUZ9,Entpd5,722820000,175440000,142270000,71929000,False,0.1968263191389281,0.4099920200638395,0.3034091696013838,-1.72066340765924,DOWN
P56812,Pdcd5,810550000,295050000,499690000,873570000,False,0.6164826352476713,2.960752414844941,1.788617525046306,0.8388449168967083,UP
Q8VDG5,Ppcs,235390000,137350000,163080000,13963000,False,0.6928076808700454,0.1016599927193302,0.3972338367946878,-1.331939576510677,DOWN
Q9CX80,Cygb,410440000,194090000,388980000,443480000,False,0.9477146476951565,2.284919367303828,1.616317007499492,0.6927101809455646,UP
P21300,Akr1b7,651580000,253320000,1116500000,777720000,False,1.713527118696093,3.070108953102795,2.391818035899444,1.258107636738713,UP
Q8BGD9,Eif4b,136800000,151080000,25632000,71698000,False,0.1873684210526316,0.4745697643632513,0.3309690927079414,-1.595231596522263,DOWN
Q8VCA8,Scrn2,638800000,236020000,340230000,106380000,False,0.5326080150281778,0.4507245148716211,0.4916662649498994,-1.02424872500266,DOWN
Q99KR7,Ppif,95030000,61676000,362890000,249790000,False,3.818688835104704,4.050035670276931,3.934362252690818,1.976129798516284,UP
Q8VCR7,Abhd14b,769620000,858450000,14176000000,26528000000,False,18.41947974324992,30.90220746694624,24.66084360509808,4.62415024759139,UP
P33434,Mmp2,254860000,3845300000,808230000,1946100000,False,3.171270501451777,0.5060983538345513,1.838684427643164,0.8786738920710688,UP
O35900,Lsm2,114620000,1331700,32588000,20915000,False,0.2843133833536904,15.70548922429977,7.994901303826729,2.999080223904655,UP
P39061,Col18a1,135700000,77184000,216350000,808980000,False,1.594325718496684,10.48118781094527,6.037756764720979,2.594012638037505,UP
Q3ULJ0,Gpd1l,78794000,28649000,19662000,9508500,False,0.2495367667588903,0.3318964012705505,0.2907165840147204,-1.78231472209447,DOWN
Q71RI9,Ccbl2,556320000,347790000,377850000,31864000,False,0.679195427092321,0.09161850541993732,0.3854069662561291,-1.375545446210808,DOWN
P62774,Mtpn,1070300000,404740000,481950000,1288700000,False,0.4502943100065402,3.184019370460049,1.817156840233294,0.8616829450875053,UP
Q60676,Ppp5c,556590000,150370000,567200000,464250000,False,1.019062505614546,3.087384451685842,2.053223478650194,1.037890663001143,UP
Q8R4N0,Clybl,224080000,156680000,167380000,28709000,False,0.746965369510889,0.1832333418432474,0.4650993556770682,-1.104389153653396,DOWN
Q569Z6,Thrap3,94019000,52570000,28909000,12261000,False,0.3074804028972867,0.2332318813011223,0.2703561420992046,-1.88706696215746,DOWN
Q07813,Bax,214340000,245550000,304900000,554940000,False,1.422506298404404,2.259987782529016,1.84124704046671,0.8806832063433069,UP
Q9CWM4,Pfdn1,90676000,115540000,108170000,241980000,False,1.192928669107592,2.09433962264151,1.643634145874551,0.7168892073705657,UP
Q810B6,Ankfy1,53773000,26297000,103910000,52958000,False,1.932382422405296,2.013841883104537,1.973112152754917,0.980472961953408,UP
Q9JJA4,Wdr12,208430000,74946000,11554000,45046000,False,0.05543347886580627,0.6010460865156246,0.3282397826907155,-1.607177990672021,DOWN
Q91Z53,Grhpr,426340000,348050000,149290000,198890000,False,0.3501665337524042,0.5714408849303261,0.4608037093413652,-1.117775764767611,DOWN
Q9CWZ3,Rbm8a,659420000,101310000,208880000,401500000,False,0.3167632161596555,3.963083604777416,2.139923410468536,1.097559162367281,UP
Q9CR98,Fam136a,126740000,107570000,37818000,36010000,False,0.2983904055546789,0.3347587617365436,0.3165745836456113,-1.65938266228135,DOWN
Q60817;P70670,Naca,1432900000,1198500000,82279000,282170000,False,0.05742131342033638,0.23543596161869,0.1464286375195132,-2.771730361162622,DOWN
O70493,Snx12,1065400000,995620000,250340000,218570000,False,0.2349727801764595,0.2195315481810329,0.2272521641787462,-2.137634061259717,DOWN
Q9Z2Y8,Prosc,233850000,190020000,477620000,975910000,False,2.042420354928373,5.1358278075992,3.589124081263786,1.843631800091732,UP
Q99LD8,Ddah2,146310000,232220000,576730000,570750000,False,3.941835828036361,2.457798639221428,3.199817233628894,1.67798950396658,UP
P70349,Hint1,511810000,291400000,681510000,549030000,False,1.331568355444403,1.884111187371311,1.607839771407857,0.6851236425161971,UP
P14069,S100a6,805100000,2830500000,1334600000,5985600000,False,1.657682275493727,2.114679385267621,1.886180830380674,0.9154679955185534,UP
Q8R0F8,Fahd1,324590000,83048000,98073000,18578000,False,0.3021442435071937,0.223701955495617,0.2629230995014054,-1.927287197236655,DOWN
Q9CQ86,Mien1,26382000,6447600,12836000,26428000,False,0.4865438556591615,4.098889509274769,2.292716682466965,1.197058087996117,UP
O54984,Asna1,79747000,66578000,38897000,30877000,False,0.4877550252674082,0.4637718165159662,0.4757634208916872,-1.071683740582952,DOWN
Q3U0V1,Khsrp,15897000,21600000,152460000,157420000,False,9.590488771466314,7.287962962962963,8.439225867214638,3.077110666141845,UP
P83877,Txnl4a,70796000,29860000,36320000,101180000,False,0.5130233346516753,3.388479571332887,1.950751452992281,0.9640299745754182,UP
Q9R0Y5,Ak1,63795000,253010000,162860000,347020000,False,2.552864644564621,1.371566341251334,1.962215492907978,0.9724834887935792,UP
Q8C1B7,2018-09-11 00:00:00,56435000,553500000,151730000,1302700000,False,2.688579782050146,2.35356820234869,2.521073992199418,1.334038461160613,UP
P67984,Rpl22,89866000,166590000,9435100,127140000,False,0.1049907640264394,0.7631910678912299,0.4340909159588346,-1.203930862663457,DOWN
Q3UTJ2,Sorbs2,20059000,81709000,59545000,47608000,False,2.968492945809861,0.58265307371281,1.775573009761336,0.8282846837354193,UP
P52795,Efnb1,1070500000,1394000000,538880000,176470000,False,0.5033909388136385,0.1265925394548063,0.3149917391342224,-1.666614101406132,DOWN
Q9QUH0,Glrx,16892000,72543000,105410000,50502000,False,6.2402320625148,0.6961664116455069,3.468199237080154,1.794186779208862,UP
Q8C460,Eri3,27822000,29045000,36475000,49665000,False,1.311012867514916,1.709932862799105,1.510472865157011,0.5950002670482806,UP
O70274;Q63739,Ptp4a2;Ptp4a1,3805500,6640700,9018700,16837000,False,2.369911969517803,2.535425482253377,2.45266872588559,1.294352386852445,UP
O08912,Galnt1,141080000,83675000,244550000,252480000,False,1.733413666005103,3.017388706304153,2.375401186154628,1.248171193610565,UP
O70423,Aoc3,83531000,89149000,300330000,99532000,False,3.595431636159031,1.116467935703149,2.35594978593109,1.236308790288825,UP
Q8VCX1,Akr1d1,623880000,272890000,609930000,841800000,False,0.9776399307559146,3.084759426875298,2.031199678815606,1.02233207197125,UP
Q3TWW8,Srsf6,18308000,42763000,73079000,14804000,False,3.991642997596679,0.3461871243832285,2.168915060989954,1.116973555320922,UP
O08583;Q9JJW6,Alyref;Alyref2,128180000,247750000,63223000,90037000,False,0.493236074270557,0.3634187689202825,0.4283274215954198,-1.223214053116387,DOWN
Q8BV13,Cops7b,81238000,44478000,58352000,137280000,False,0.7182845466407346,3.086469715364899,1.902377131002817,0.9278032772677297,UP
Q91XE4,Acy3,46089000,61847000,69505000,93057000,False,1.508060491657445,1.50463239930797,1.506346445482708,0.591053614431517,UP
Q3UL36,Arglu1,109570000,124860000,6451700000,1655100000,False,58.88199324632655,13.25564632388275,36.06881978510465,5.17268031207901,UP
Q05BC3,Eml1,1639600000,261540000,603890000,957100000,False,0.3683154427909246,3.659478473656038,2.013896958223481,1.00998986921213,UP
P50295,Nat2,84656000,75076000,11988000,20932000,False,0.1416083916083916,0.2788108050508818,0.2102095983296367,-2.250099549533893,DOWN
P53612,Rabggtb,84418000,37496000,31921000,18122000,False,0.3781302565803502,0.4833048858544912,0.4307175712174207,-1.215185915047664,DOWN
P55002,Mfap2,44002000,20870000,41497000,105280000,False,0.9430707695104767,5.044561571633924,2.993816170572201,1.581985638248022,UP
Q9D820,Prorsd1,12621000,24770000,22852000,53561000,False,1.810633071864353,2.162333467904723,1.986483269884538,0.9902166431334125,UP
P35762,Cd81,504520000,152000000,19925000,805170000,False,0.03949298342979465,5.297171052631579,2.668332018030687,1.415938190871941,UP
Q99LJ1,Fuca1,135750000,363390000,1523600000,206980000,False,11.22357274401473,0.5695808910536889,5.896576817534211,2.559877659285805,UP
Q9Z0J7,Gdf15,9920500,309610000,25757000,852050000,False,2.596340910236379,2.752010593973063,2.674175752104721,1.419094285310698,UP
P21614,Gc,86827000,9022500000,550770000,9130400000,False,6.343303350340332,1.011958991410363,3.677631170875348,1.878776799317361,UP
Q8BNA6,Fat3,48879000,45059000,17286000,21360000,False,0.3536488062358068,0.4740451408153754,0.4138469735255911,-1.272830687905337,DOWN
Q8BME9,Cbln4,267240000,140480000,137170000,42460000,False,0.5132839395300105,0.302249430523918,0.4077666850269642,-1.294184184441499,DOWN
Q61072,Adam9,326430000,344570000,795730000,1374800000,False,2.437674233373158,3.989900455640363,3.213787344506761,1.684274469406401,UP
Q8K135,Kiaa0319l,3817800,45592000,83284000,218560000,False,21.81465765624181,4.793823477803123,13.30424056702247,3.733814255645062,UP
Q8C9W3,Adamts2,40117000,170800000,121640000,122990000,False,3.032131016775931,0.7200819672131148,1.876106491994523,0.9077417207701144,UP
P21570,Ang,27253000,28046000,31530000,86515000,False,1.156936850988882,3.08475361905441,2.120845235021646,1.084639346557642,UP
Q61477,Nbl1,162340000,97315000,214450000,402880000,False,1.320992977701121,4.139957868776653,2.730475423238887,1.44915217130368,UP
Q80W65,Pcsk9,32790000,3480900000,60256000,5072100000,False,1.837633424824642,1.457123157804016,1.647378291314329,0.7201718825302308,UP
O09174,Amacr,69657000,12275000,126170000,1123500000,False,1.811303960836671,91.5274949083503,46.66939943459349,5.544404996980322,UP
Q569Z5,Ddx46,18369000,2965400,13656000,125390000,False,0.7434264249550874,42.28434612531193,21.51388627513351,4.427196252072011,UP
Q8R0Y6,Aldh1l1,42606000,93379000,65230000,226910000,False,1.531005022766746,2.429989612225447,1.980497317496097,0.9858627471714903,UP
Q8K479,C1qtnf5,60305000,202890000,96206000,353950000,False,1.595323770831606,1.744541377100892,1.669932573966249,0.7397898528979447,UP
P62242,Rps8,21787000,30188000,5549000,14553000,False,0.2546931656492404,0.482078971776865,0.3683860687130527,-1.440709590946231,DOWN
O88952,Lin7c,19173000,34436000,25251000,87599000,False,1.317008292911907,2.543820420490185,1.930414356701046,0.9489105501857706,UP
P82343,Renbp,50051000,91611000,163380000,180480000,False,3.26427044414697,1.970069096505878,2.617169770326424,1.388007512029779,UP
O70400,Pdlim1,137090000,166850000,117690000,1711100000,False,0.8584871252461886,10.25531914893617,5.556903137091179,2.474281092752656,UP
Q62422,Ostf1,63368000,121270000,83013000,300860000,False,1.310014518368893,2.480910365300569,1.895462441834731,0.9225498701115078,UP
P70460,Vasp,17873000,46886000,12204000,12504000,False,0.6828176579197672,0.2666894168835047,0.4747535374016359,-1.0747493449122,DOWN
P02802,Mt1,99695000,73725000,12589000,38322000,False,0.1262751391744822,0.519796541200407,0.3230358401874446,-1.630233856927233,DOWN
Q8R2Y2,Mcam,50230000,135010000,87870000,182130000,False,1.749352976308979,1.349011184356714,1.549182080332847,0.6315067186629558,UP
P35282,Rab21,15646000,45745000,46067000,45620000,False,2.944330819378755,0.9972674609246912,1.970799140151723,0.9787807473233618,UP
P51569,Gla,78645000,60479000,86092000,119450000,False,1.094691334477716,1.975065725293077,1.534878529885397,0.6181244853894743,UP
Q9ES89,Extl2,59221000,102600000,190340000,12702000,False,3.214062579152666,0.1238011695906433,1.668931874371654,0.7389250652384829,UP
Q61753,Phgdh,2838000,1219100,3143500,9622700,False,1.107646229739253,7.893281929292101,4.500464079515677,2.170073777152214,UP
P81117,Nucb2,53778000,334730000,116690000,585500000,False,2.169846405593365,1.74917097362053,1.959508689606948,0.9704919707074374,UP
O08759,Ube3a,17743000,113180000,199030000,206820000,False,11.21738150256439,1.8273546562997,6.522368079432045,2.705395859575671,UP
O35127,Grcc10,4099400,10391000,12503000,21904000,False,3.049958530516661,2.107978057934751,2.578968294225706,1.366794036777955,UP
Q921V5,Mgat2,46681000,99796000,225920000,146430000,False,4.839656391251259,1.467293278287707,3.153474834769483,1.656942420319209,UP
Q62470,Itga3,8590900,25657000,5609100,97544000,False,0.652911802023071,3.801847449039248,2.22737962553116,1.155347466161644,UP
Q8BLX7,Col16a1,15593000,75553000,609770000,856960000,False,39.10536779324055,11.34250129048483,25.22393454186269,4.656721426116529,UP
Q9R0M4,Podxl,1267400,25974000,508730,6793500,False,0.4013965598863816,0.2615500115500116,0.3314732857181966,-1.59303549035607,DOWN
P35293,Rab18,71241000,182520000,19604000,18389000,False,0.2751786190536348,0.1007506026736796,0.1879646108636572,-2.411467031588034,DOWN
Q3U4G3,Xxylt1,15394000,39880000,36599000,35801000,False,2.37748473431207,0.8977181544633902,1.63760144438773,0.7115842799520367,UP
Q9D0E1,Hnrnpm,9566900,46536000,294970000,12002000,False,30.83234903678308,0.2579078562833075,15.54512844653319,3.958390632338991,UP
P29595,Nedd8,10072000,68440000,204040000,144380000,False,20.25814138204925,2.10958503798948,11.18386321001936,3.483346715198902,UP
P97352,S100a13,8077600,12720000,22566000,11821000,False,2.793651579677132,0.9293238993710692,1.861487739524101,0.8964561140749862,UP
Q6P8J2,Sat2,21947000,18042000,5731100,9350200,False,0.2611336401330478,0.5182463141558585,0.3896899771444532,-1.359601269128286,DOWN
Q9D3R6;Q3UMC0,Katnal2;Spata5,2225800000,233420000,1677200000,2020200000,False,0.7535268218168748,8.654785365435695,4.704156093626285,2.233935932573148,UP
Q921F2,Tardbp,12896000,45836000,66568000,27686000,False,5.161910669975186,0.6040230386595689,2.882966854317377,1.527554250156845,UP
Q8VE47,Uba5,40994000,30951000,9208100,15514000,False,0.2246206761965166,0.5012439016509967,0.3629322889237567,-1.462227680401488,DOWN
Q9R111,Gda,27821000,105110000,110580000,202520000,False,3.974695373998059,1.926743411663971,2.950719392831015,1.561066730048203,UP
Q62266,Sprr1a,40725000,219670000,11804000,124380000,False,0.2898465316144874,0.5662129557973323,0.4280297437059098,-1.224217042172068,DOWN
Q8CAQ8,Immt,4614300,5545400,9636700,8070200,False,2.088442450642568,1.45529628160277,1.771869366122669,0.8252722428352214,UP
Q4QY64,Atad5,112040000,175700000,83600000,33019000,False,0.7461620849696537,0.1879282868525896,0.4670451859111217,-1.098365959649856,DOWN
P97464,Ext1,158710000,223870000,42493000,117400000,False,0.2677399029676769,0.5244114888104704,0.3960756958890737,-1.336151917997444,DOWN
P17125,Tgfb3,26257000,9599600,54831000,56247000,False,2.088243135163956,5.859306637776574,3.973774886470265,1.990510146525204,UP
P12850,Cxcl1,15777000,11455000,52246000,337360000,False,3.311529441592191,29.45089480576168,16.38121212367694,4.033970207673233,UP
Q9Z0Y1,Dctn3,26425000,32155000,96897000,48627000,False,3.666868495742668,1.512268698491681,2.589568597117174,1.372711775657399,UP
Q9WV98,Timm9,4429700,2091700,15478000,4547000,False,3.494141815472831,2.173829899125113,2.833985857298972,1.502832558659761,UP
Q9DAI2,Ift22,11954000,23547000,37325000,59368000,False,3.122385812280408,2.521255361617191,2.8218205869488,1.496626263432126,UP
Q9D880,Timm50,14526000,11053000,8929400,788890000,False,0.614718435908027,71.37338279200218,35.9940506139551,5.169686560913139,UP
Q9CX86,Hnrnpa0,317990000,7651500,712140000,643300000,False,2.239504386930407,84.07501797033261,43.15726117863151,5.431531407132648,UP
Q9CR57,Rpl14,4020800,2352700,1718400,14791000,False,0.4273776362912853,6.286819398988396,3.357098517639841,1.747214875082805,UP
Q9CQ10,Chmp3,31838000,50996000,89345000,56231000,False,2.80623782900936,1.102655110204722,1.954446469607041,0.9667600711505856,UP
Q91W39,Ncoa5,4159400,3033900,3766200,14307000,False,0.905467134682887,4.715712449322654,2.81058979200277,1.490872906500731,UP
Q8BG73,Sh3bgrl2,33887000,2756700,10982000,38810000,False,0.324077079706082,14.07842710487177,7.201252092288925,2.848247771872624,UP
Q6PEB6,Mob4,34497000,34594000,117020000,170440000,False,3.392179030060585,4.926865930508181,4.159522480284383,2.056417914215306,UP
Q3UD01,Atxn7l3b,17677000,4094600,13769000,11410000,False,0.7789217627425468,2.786596981390124,1.782759372066335,0.8341119883504503,UP
P50228,Cxcl5,6494600,699340000,8919200,1405500000,False,1.373325531980415,2.009752051934681,1.691538791957548,0.7583362627500244,UP
Q9CXF4,Tbc1d15,11512000,1954900,9134500,6770100,False,0.7934763724808895,3.46314389482838,2.128310133654635,1.089708393172155,UP
Q9CRT8,Xpot,31040000,18240000,95988000,10872000,False,3.092396907216495,0.5960526315789474,1.844224769397721,0.8830144984645442,UP
Q9WVJ9,Efemp2,67948000,246770000,384780000,632100000,False,5.662859833990699,2.561494509057017,4.112177171523857,2.039902423814979,UP
Q9Z0F8,Adam17,18871000,14241000,56850000,30019000,False,3.012558952890679,2.107927814058002,2.56024338347434,1.356280963132054,UP
O88452,Stc2,19835000,261770000,2065600,194640000,False,0.1041391479707588,0.743553501165145,0.4238463245679518,-1.238386818238898,DOWN
P97857,Adamts1,7026400,204450000,22938000,351320000,False,3.264545144028236,1.718366348740523,2.49145574638438,1.316988948880446,UP
P55292,Dsc2,4063900,18924000,7088800,29085000,False,1.74433426019341,1.536937222574509,1.640635741383959,0.7142549631461329,UP
Q03366,Ccl7,27796000,96828000,47992000,166620000,False,1.726579363937257,1.720783244516049,1.723681304226653,0.7854930555672919,UP
P05977;P09542,Myl1;Myl3,190790000,98473000,108670000,251310000,False,0.569579118402432,2.552070110588689,1.560824614495561,0.6423084348091084,UP
Q8K5B2,Mcfd2,63942000,8863200,4270400,35173000,False,0.0667855243814707,3.96843126635978,2.017608395370625,1.012646183918327,UP
Q9CT10,Ranbp3,64412000,4219400,58422000,29467000,False,0.9070049059181519,6.983694364127601,3.945349635022876,1.980153156857841,UP
Q8BGL1,Ppm1n,711940000,85293000,391260000,10181000,False,0.5495687838862825,0.1193650123691276,0.334466898127705,-1.580064659118099,DOWN
P04117,Fabp4,44303000,52100000,29860000,227660000,False,0.6739949890526601,4.369673704414588,2.521834346733624,1.334473511591992,UP
Q8K0G5,Tssc1,71382000,19941000,61968000,85297000,False,0.8681180129444398,4.277468532169901,2.57279327255717,1.363335539217672,UP
Q8CG76,Akr7a2,28019000,7717800,24143000,45855000,False,0.8616652985474142,5.941460001554847,3.40156265005113,1.766197660941603,UP
P49935,Ctsh,27349000,964430000,146050000,894170000,False,5.34023181834802,0.9271486784940327,3.133690248421026,1.647862582761327,UP
O09114,Ptgds,97086000,170070000,98009000,571370000,False,1.009507034999897,3.35961662844711,2.184561831723503,1.12734394032479,UP
P09056,Lif,111650000,2055000000,956040000,1917600000,False,8.5628302731751,0.9331386861313868,4.747984479653244,2.247315219064931,UP
P03958,Ada,78464000,21056000,43261000,59286000,False,0.5513483890701468,2.815634498480243,1.683491443775195,0.7514563887898751,UP
Q9DAS9,Gng12,50878000,27860000,144310000,57081000,False,2.836392939974056,2.048851399856425,2.44262216991524,1.288430721670852,UP
Q91WM2,Cecr5,293950000,17404000,598190000,352160000,False,2.035005953393434,20.23442886692714,11.13471741016029,3.476993039080982,UP
P61164;Q8R5C5,Actr1a;Actr1b,104130000,65039000,141890000,187500000,False,1.36262364352252,2.88288565322345,2.122754648372985,1.085937631709202,UP
Q9JJ94,Ssna1,66274000,8374300,38830000,23041000,False,0.5859009566345776,2.751394146376414,1.668647551505495,0.738679263633385,UP
Q60876,Eif4ebp1,32083000,12559000,17941000,46912000,False,0.5592058099304927,3.735329245959073,2.147267527944783,1.1025019476917,UP
Q9ERR7,2018-09-15 00:00:00,61456000,7720000,11836000,22178000,False,0.192593074720125,2.87279792746114,1.532695501090632,0.6160711068459144,UP
Q8R2G6,Ccdc80,54107000,1120600000,16123000,723370000,False,0.2979836250392741,0.6455202570051758,0.471751941022225,-1.083899641084159,DOWN
Q9DB34,Chmp2a,37697000,74026000,9225700,26209000,False,0.2447330026262037,0.3540512792802529,0.2993921409532283,-1.739891743753612,DOWN
Q99KN2,Ciao1,152850000,47576000,15156000,26642000,False,0.09915603532875368,0.5599882293593409,0.3295721323440473,-1.601333837283661,DOWN
Q9Z0Z4,Heph,38129000,71598000,146320000,138140000,False,3.83749901649663,1.929383502332467,2.883441259414549,1.52779163255126,UP
Q6PHU5,Sort1,145750000,146390000,37278000,50168000,False,0.2557667238421956,0.3427010041669513,0.2992338640045734,-1.740654642031807,DOWN
Q9Z1G3,Atp6v1c1,33386000,53582000,14292000,17675000,False,0.4280836278679686,0.3298682393341048,0.3789759336010367,-1.39982186015024,DOWN
A2AX52,Col6a4,26216000,79735000,25207000,244090000,False,0.9615120537076595,3.061265441775883,2.011388747741771,1.008191943024463,UP
Q8BK62,Olfml3,55689000,576860000,2487800,331570000,False,0.0446730952252689,0.5747841764032867,0.3097286358142778,-1.690923322021973,DOWN
Q9WTZ2,Mbtps1,95685000,69950000,66236000,19102000,False,0.692229712076083,0.2730807719799857,0.4826552420280343,-1.050935047052596,DOWN
O35657,Neu1,199870000,134570000,58308000,76201000,False,0.2917296242557663,0.5662554804191128,0.4289925523374395,-1.220975493314313,DOWN
P85094,Isoc2a,142290000,94387000,29071000,16424000,False,0.2043081031695833,0.1740070136777311,0.1891575584236572,-2.402339669636942,DOWN
Q99MR6,Srrt,16357000,9677400,269820000,20110000,False,16.49568991868925,2.078037489408312,9.28686370404878,3.215191461779288,UP
P84104,Srsf3,19670000,80536000,59736000,27862000,False,3.036908998474835,0.3459570875136585,1.691433042994247,0.7582460677898373,UP
P62858,Rps28,68272000,209040000,392600000,338220000,False,5.750527302554488,1.61796785304248,3.684247577798484,1.88137001236866,UP
Q9JMG7,Hdgfrp3,53515000,88635000,2666500,65204000,False,0.04982715126600019,0.7356461894285553,0.3927366703472778,-1.348365784231604,DOWN
Q9EPB4,Pycard,143250000,80011000,38344000,279970000,False,0.2676719022687609,3.499143867718189,1.883407884993475,0.9133454746907292,UP
Q8JZM7,Cdc73,89768000,33559000,98433000,69272000,False,1.096526601907138,2.064185464405972,1.580356033156555,0.6602496149884957,UP
Q9D7I5,Lhpp,222910000,114680000,139670000,414710000,False,0.626575748059755,3.616236484129753,2.121406116094754,1.085020832839544,UP
Q9D898,Arpc5l,251180000,87570000,114510000,282480000,False,0.4558882076598456,3.225762247344981,1.840825227502413,0.8803526601561883,UP
Q6ZWM4,Lsm8,197730000,43113000,125000000,250160000,False,0.6321751883882062,5.80242618235799,3.217300685373098,1.685850774978807,UP
Q9D1D4,Tmed10,222330000,43940000,69299000,240460000,False,0.3116943282507983,5.472462448793809,2.892078388522304,1.532106656438318,UP
Q9ET26,Rnf114,45353000,7919700,7367700,3808700,False,0.1624523184794832,0.4809146811116582,0.3216834997955707,-1.63628615757127,DOWN
P15105,Glul,97822000,69765000,51321000,174340000,False,0.5246365848173212,2.498960796961227,1.511798690889274,0.5962660449879852,UP
Q64520,Guk1,104870000,28730000,113550000,108010000,False,1.082769142748164,3.75948485903237,2.421127000890267,1.275678758291402,UP
Q9DAU1,Cnpy3,85770000,15254000,52138000,84406000,False,0.6078815436632855,5.533368296840173,3.07062492025173,1.618532296507558,UP
Q9CZL5,Pcbd2,38074000,9605800,470610000,7483200,False,12.36040342490939,0.779029336442566,6.569716380675977,2.71583108972198,UP
Q99PL5,Rrbp1,52291000,19004000,69220000,32693000,False,1.323745960107858,1.720322037465797,1.522033998786827,0.6060005857358846,UP
Q8BH69,Sephs1,128670000,80927000,391690000,217860000,False,3.044143934094972,2.692055803378353,2.868099868736663,1.520095260309909,UP
Q61545,Ewsr1,51872000,8439900,27034000,27273000,False,0.521167489204195,3.231436391426439,1.876301940315317,0.9078920094865489,UP
Q3TIV5,Zc3h15,40767000,7947600,747850000,53928000,False,18.3444943213874,6.785444662539635,12.56496949196352,3.651335263213263,UP
Q03173,Enah,46313000,6616400,11027000,4478200,False,0.2380972944961458,0.6768333232573605,0.4574653088767531,-1.12826575172916,DOWN
P61967,Ap1s1,54147000,6837000,45693000,73393000,False,0.843869466452435,10.73467895275706,5.789274209604747,2.533382491593212,UP
P49443,Ppm1a,18848000,11373000,103840000,108270000,False,5.509337860780985,9.519915589554207,7.514626725167596,2.909701442781107,UP
P62309,Snrpg,51136000,13945000,35815000,145690000,False,0.7003872027534418,10.44747221226246,5.573929707507951,2.478694808816115,UP
P17439,Gba,68115000,79055000,119470000,207170000,False,1.75394553328929,2.620580608437164,2.187263070863227,1.129126749514954,UP
P07758;Q00896;Q00897;P22599,Serpina1a;Serpina1c;Serpina1d;Serpina1b,20166000,42913000,60205000,56181000,False,2.985470594069225,1.30918369724792,2.147327145658573,1.102542002777954,UP
Q9D172,D10Jhu81e,447300000,184250000,132430000,779650000,False,0.2960652805723228,4.231478968792402,2.263772124682363,1.178728741236645,UP
Q61599,Arhgdib,42428000,55250000,84780000,263050000,False,1.998208730083907,4.761085972850679,3.379647351467293,1.756872716675555,UP
P61971,Nutf2,647110000,29945000,548360000,116700000,False,0.8473984330330238,3.897144765403239,2.372271599218132,1.246269192183176,UP
Q5M8N0,Cnrip1,60639000,65271000,8495300,52721000,False,0.1400963076567885,0.8077247169493343,0.4739105123030615,-1.077313431639392,DOWN
Q3UFY7,Nt5c3b,52396000,155020000,20591000,18014000,False,0.3929880143522406,0.116204360727648,0.2545961875399443,-1.973717279176753,DOWN
O55142,Rpl35a,44848000,58801000,22706000,164130000,False,0.506287905815198,2.791279059879934,1.648783482847566,0.7214019574587155,UP
P62305,Snrpe,42073000,88458000,101580000,74489000,False,2.414375014855133,0.8420832485473332,1.628229131701233,0.7033037364030182,UP
Q4KML4,Abracl,48015000,20679000,87931000,85737000,False,1.831323544725607,4.146090236471783,2.988706890598695,1.579521415512221,UP
Q80UW8,Polr2e,68535000,47946000,26627000,22764000,False,0.3885168162252863,0.4747841321486673,0.4316504741869768,-1.212064521531279,DOWN
Q9D1K2,Atp6v1f,26428000,2954400,26918000,22962000,False,1.01854094142576,7.772136474411048,4.395338707918405,2.135974344755657,UP
Q91VR8,Brk1,10948000,11898000,20717000,64400000,False,1.892309097552064,5.412674399058665,3.652491748305365,1.868881013701634,UP
P23927,Cryab,8193500,8885300,33928000,102380000,False,4.140843351437114,11.52240216987609,7.831622760656601,2.969311273823446,UP
O89051,Itm2b,42123000,13010000,95302000,300620000,False,2.262469434750611,23.10684089162183,12.68465516318622,3.665012394650005,UP
Q9Z0H3,Smarcb1,9348500,2768100,4297600,22571000,False,0.4597101139220195,8.15396842599617,4.306839269959095,2.106629483607676,UP
Q9WVK4,Ehd1,1568600,36916000,14743000,74591000,False,9.39882697947214,2.020560190703218,5.709693585087679,2.513413324373394,UP
Q9D967,Mdp1,49922000,46805000,88741000,63859000,False,1.777593045150435,1.364362781754086,1.570977913452261,0.6516628977696753,UP
Q9D0A3,Arpin,19760000,27845000,46955000,39223000,False,2.376265182186235,1.408619141677141,1.892442161931688,0.920249208285284,UP
Q99L45,Eif2s2,7382100,1457600,9296500,47912000,False,1.25933000094824,32.87047200878156,17.0649010048649,4.092960140135466,UP
Q91YN9,Bag2,44883000,24773000,44417000,66790000,False,0.9896174498139607,2.696080410123925,1.842848929968943,0.8819378089405854,UP
Q80Y14,Glrx5,60375000,5759200,9967000,16783000,False,0.1650848861283644,2.914120016668982,1.539602451398673,0.6225578733631646,UP
Q80W22,Thnsl2,41061000,41240000,194670000,65755000,False,4.740995104844012,1.594447138700291,3.167721121772152,1.663445329752704,UP
Q61142,Spin1,18801000,14669000,32380000,41538000,False,1.722248816552311,2.831685868157339,2.276967342354825,1.187113599616558,UP
Q9D2G2,Dlst,76686000,113780000,42033000,48369000,False,0.5481183006024568,0.4251098611355247,0.4866140808689907,-1.039150027578656,DOWN
P35980,Rpl18,38987000,47931000,9028500,25273000,False,0.2315771923974658,0.5272787966034508,0.3794279945004583,-1.398101969018747,DOWN
Q9Z130,Hnrnpdl,91642000,120620000,10940000,78671000,False,0.1193775779664346,0.652221853755596,0.3857997158610153,-1.374076014035481,DOWN
P70677,Casp3,119120000,150100000,59340000,71841000,False,0.498153122901276,0.4786209193870753,0.4883870211441756,-1.03390323358689,DOWN
P28667,Marcksl1,278620000,91918000,88875000,29195000,False,0.3189828440169407,0.3176200526556278,0.3183014483362843,-1.651534373342932,DOWN
P35278,Rab5c,93020000,134760000,333580000,261530000,False,3.586110513867985,1.940709409320273,2.763409961594129,1.466449606915089,UP
P62748;P84075,Hpcal1;Hpca,25107000,40471000,44153000,52488000,False,1.75859322101406,1.296928664969978,1.527760942992019,0.6114188147469519,UP
Q6ZWU9;Q6ZWY3,Rps27;Rps27l,20875000,23193000,11547000,63682000,False,0.5531497005988024,2.745742249816755,1.649445975207779,0.7219815256589965,UP
Q6ZWZ2,Ube2r2,112250000,124130000,51489000,328210000,False,0.4586993318485523,2.644082816402159,1.551391074125356,0.633562406286019,UP
P61924,Copz1,87880000,124830000,128730000,236610000,False,1.464838416021848,1.895457822638789,1.680148119330318,0.7485884244348058,UP
P61458,Pcbd1,27545000,60080000,11149000,15435000,False,0.4047558540569977,0.2569074567243675,0.3308316553906826,-1.595830810528782,DOWN
Q3UPL0,Sec31a,66138000,119560000,7744100,57835000,False,0.1170900238894433,0.4837320173971228,0.3004110206432831,-1.734990355484674,DOWN
P11103,Parp1,116430000,163220000,81330000,32137000,False,0.6985313063643391,0.1968937630192378,0.4477125346917885,-1.159355384676879,DOWN
Q99KP6,Prpf19,177250000,249480000,673940000,298760000,False,3.802200282087447,1.197530864197531,2.499865573142489,1.321850518017383,UP
Q60865,Caprin1,74867000,478160000,61500000,65489000,False,0.8214567165773973,0.1369604316546763,0.4792085741160368,-1.061274373480147,DOWN
Q99K48,Nono,16053000,20827000,44248000,28091000,False,2.756369525945306,1.34877802852067,2.052573777232988,1.037434078829023,UP
P62500,Tsc22d1,65657000,49496000,172940000,93518000,False,2.633991805900361,1.889405204460967,2.261698505180664,1.177406624256626,UP
Q9JHS3,Lamtor2,36212000,7663100,14367000,32990000,False,0.3967469347177731,4.305046260651695,2.350896597684734,1.233211084593597,UP
P60229,Eif3e,131730000,482560000,45014000,206990000,False,0.3417141121991953,0.4289414787798408,0.3853277954895181,-1.375841836819987,DOWN
Q9CQT1,Mri1,50104000,106830000,13429000,60128000,False,0.268022513172601,0.5628381540765702,0.4154303336245856,-1.267321533081249,DOWN
Q9CQ89,Cuta,108790000,21167000,13233000,61054000,False,0.1216380182002022,2.884395521330373,1.503016769765287,0.5878611060754667,UP
Q9CWW6,Pin4,44273000,104870000,5990700,42901000,False,0.1353127188128204,0.4090874415943549,0.2722000802035877,-1.877260602956178,DOWN
Q9ER72,Cars,1051100000,535890000,428150000,268720000,False,0.4073351726762439,0.5014461923155872,0.4543906824959155,-1.137994842911748,DOWN
Q9R118,Htra1,2602400000,1734800000,3957900000,2728600000,False,1.52086535505687,1.572861424948121,1.546863390002496,0.6293457919592499,UP
P23249,Mov10,301380000,28210000,188500000,112650000,False,0.6254562346539253,3.993264799716413,2.309360517185169,1.207493411637396,UP
Q9DCJ9,Npl,3474200000,1607300000,1198200000,282890000,False,0.3448851534166139,0.1760032352392211,0.2604441943279175,-1.940953817167824,DOWN
Q8BWZ3,Naa25,842770000,3885900000,203310000,209640000,False,0.2412401960202665,0.05394889214853702,0.1475945440844018,-2.760288702539578,DOWN
Q8K1J6,Trnt1,2894100000,1581800000,1904800000,484150000,False,0.6581666148370824,0.3060753571880137,0.482120986012548,-1.052532865407757,DOWN
Q9QUM9,Psma6,9241200000,8824800000,12912000000,14560000000,False,1.397221140111674,1.649895748345572,1.523558444228623,0.6074448433664159,UP
Q6WKZ8,Ubr2,400330000,23578000,140080000,13840000,False,0.3499113231583943,0.5869878700483502,0.4684495966033723,-1.094034267157095,DOWN
Q9CPV4,Glod4,5558900000,3813200000,2353100000,1227200000,False,0.4233031714907626,0.3218294345956152,0.3725663030431889,-1.424430900025142,DOWN
P08228,Sod1,14620000000,10214000000,19430000000,21152000000,False,1.329001367989056,2.07088310162522,1.699942234807138,0.7654857234375683,UP
P61202,Cops2,1800000000,1012600000,479400000,453440000,False,0.2663333333333333,0.4477977483705313,0.3570655408519323,-1.485739183704402,DOWN
Q6P5H2,Nes,257760000,334720000,89088000,59935000,False,0.3456238361266294,0.1790601099426386,0.262341973034634,-1.930479446855528,DOWN
P24369,Ppib,14677000000,16621000000,15716000000,34149000000,False,1.070791033589971,2.054569520486132,1.562680277038051,0.644022634437762,UP
Q9CZ44,Nsfl1c,2501000000,1039600000,1594000000,366200000,False,0.6373450619752099,0.3522508657175837,0.4947979638463968,-1.015088531425848,DOWN
Q9JKF1,Iqgap1,411620000,2045400000,189600000,476060000,False,0.4606190175404499,0.232746651021805,0.3466828342811274,-1.528311690450993,DOWN
O35381,Anp32a,3909700000,3945900000,700020000,2028600000,False,0.1790469857022278,0.5141032464076637,0.3465751160549457,-1.528760021557477,DOWN
P80316,Cct5,910460000,816000000,1902400000,889830000,False,2.089493223205852,1.090477941176471,1.589985582191161,0.6690136833740207,UP
Q9CWH6,Psma8,764440000,140430000,712630000,438910000,False,0.9322248966563759,3.125471765292316,2.028848330974346,1.020661018702385,UP
Q9JHW2,Nit2,2734300000,1886800000,1191600000,916470000,False,0.4357970961489229,0.4857271570913717,0.4607621266201473,-1.11790595879909,DOWN
Q00915,Rbp1,3733000000,1424000000,2200000000,4047900000,False,0.5893383337798017,2.842626404494382,1.715982369137092,0.7790347299416809,UP
Q7TMK9,Syncrip,699160000,1469700000,323220000,648190000,False,0.4622976142799931,0.4410355854936381,0.4516665998868156,-1.146669862447471,DOWN
Q99JI4,Psmd6,1562400000,1274300000,4844200000,1660400000,False,3.100486431131592,1.302989876795103,2.201738153963348,1.138642903761126,UP
P11983,Tcp1,2169600000,967900000,8676100000,6032500000,False,3.998939896755162,6.232565347659882,5.115752622207522,2.354946502815482,UP
P17742,Ppia,49720000000,31887000000,41548000000,72055000000,False,0.8356395816572808,2.259698309655973,1.547668945656627,0.6300969045976501,UP
P30115,Gsta3,15560000000,14357000000,1880500000,2669800000,False,0.1208547557840617,0.1859580692345197,0.1534064125092907,-2.704569304993094,DOWN
Q9D0I9,Rars,1875700000,1752200000,736890000,710410000,False,0.3928613317694727,0.4054388768405433,0.399150104305008,-1.324996706804199,DOWN
Q9WTX6,Cul1,730610000,144770000,314430000,78845000,False,0.4303664061537619,0.5446225046625682,0.4874944554081651,-1.036542284641798,DOWN
Q9D8W5,Psmd12,2077300000,1658900000,1038000000,742140000,False,0.4996870938237135,0.4473687383205739,0.4735279160721437,-1.078478614934644,DOWN
P17751,Tpi1,4500300000,10427000000,7197900000,15911000000,False,1.599426704886341,1.525942265272849,1.562684485079595,0.6440265193735242,UP
P50580,Pa2g4,1376800000,913400000,628960000,301450000,False,0.4568274259151656,0.3300306546967375,0.3934290403059515,-1.345824643221373,DOWN
P51655,Gpc4,2348900000,1291000000,1147100000,207130000,False,0.488356251862574,0.1604415182029434,0.3243988850327587,-1.624159233903305,DOWN
O35459,Ech1,3123100000,2253300000,364630000,303960000,False,0.1167525855720278,0.1348954866196246,0.1258240360958262,-2.990520549109754,DOWN
Q8VHY0,Cspg4,1202600000,931490000,282240000,444340000,False,0.2346915017462165,0.4770206872859612,0.3558560945160889,-1.490634150607587,DOWN
P08003,Pdia4,10610000000,9774800000,4191900000,5328200000,False,0.3950895381715363,0.5450955518271473,0.4700925449993418,-1.088983293270329,DOWN
P62259,Ywhae,32934000000,33045000000,56646000000,46588000000,False,1.719985425396247,1.409835073384778,1.564910249390513,0.6460799181980242,UP
Q8BHG1,Nrd1,2388000000,1778900000,121660000,1216100000,False,0.0509463986599665,0.6836247119006127,0.3672855552802896,-1.445025936458074,DOWN
P21107,Tpm3,1814300000,2586300000,2837300000,3790100000,False,1.563853827922615,1.46545257704056,1.514653202481588,0.5989875096500179,UP
Q93092,Taldo1,29678000000,30931000000,42688000000,66199000000,False,1.43837185794191,2.140215317965795,1.789293587953853,0.8393901247483566,UP
Q60847,Col12a1,1458000000,3840900000,9566300000,18537000000,False,6.561248285322359,4.82621260642037,5.693730445871365,2.509374194237568,UP
P07901,Hsp90aa1,80575000000,57511000000,21644000000,22550000000,False,0.2686192987899473,0.3920989028185912,0.3303591008042692,-1.597893005948364,DOWN
Q80X90,Flnb,2996900000,5937000000,843850000,3345100000,False,0.2815742934365511,0.5634327101229577,0.4225035017797544,-1.242964796144967,DOWN
Q62261,Sptbn1,3667500000,4221700000,1507700000,2351600000,False,0.4110974778459441,0.5570267901556245,0.4840621340007843,-1.046735851805976,DOWN
Q9JHU4,Dync1h1,1933700000,655880000,855090000,237200000,False,0.4422040647463412,0.3616515216198085,0.4019277931830749,-1.314991752123672,DOWN
E9PV24,Fga,5469900000,10457000000,8362700000,16544000000,False,1.528857931589243,1.582098116094482,1.555478023841863,0.6373580122825625,UP
Q922R8,Pdia6,22513000000,12660000000,10498000000,6639100000,False,0.466308355172567,0.5244154818325435,0.4953619185025552,-1.013445130823162,DOWN
P68510,Ywhah,6754300000,9696400000,9990300000,15369000000,False,1.479102201560487,1.585021244998144,1.532061723279315,0.6154744213328334,UP
B2RQC6,Cad,201050000,107570000,100800000,46754000,False,0.5013678189505099,0.4346379101980106,0.4680028645742602,-1.095410734535025,DOWN
O08638,Myh11,342990000,327390000,74296000,230260000,False,0.2166127292340884,0.7033201991508599,0.4599664641924742,-1.12039941568926,DOWN
Q9R1E6,Enpp2,4423700000,1639100000,3598700000,3730400000,False,0.8135045324050003,2.275883106582881,1.544693819493941,0.6273209035840535,UP
P50247,Ahcy,7496800000,5585200000,3210600000,2848200000,False,0.4282627254295166,0.5099548807562845,0.4691088030929005,-1.0920055208083,DOWN
P60710,Actb,2447100000,363070000,1289700000,2302700000,False,0.5270319970577418,6.342303137136089,3.434667567096916,1.780170470947431,UP
Q64449,Mrc2,741490000,1039900000,391970000,379980000,False,0.528624796018827,0.3654005192807001,0.4470126576497635,-1.161612411420606,DOWN
P97798,Neo1,2331800000,1400100000,4567800000,5488900000,False,1.958915858993053,3.920362831226341,2.939639345109697,1.555639166307118,UP
P51660,Hsd17b4,1625800000,339760000,830770000,112110000,False,0.5109915118710788,0.3299682128561338,0.4204798623636063,-1.249891386354244,DOWN
Q5FWK3,Arhgap1,991390000,1296300000,580080000,418950000,False,0.5851178648160663,0.3231890766026383,0.4541534707093523,-1.138748189405001,DOWN
Q9CR00,Psmd9,515320000,315490000,140260000,208400000,False,0.2721803927656602,0.6605597641763605,0.4663700784710104,-1.10045286429544,DOWN
P62869,Tceb2,619890000,363640000,86060000,311960000,False,0.138831082934069,0.8578814211857881,0.4983562520599286,-1.004750667188298,DOWN
Q8BMJ3,Eif1ax,513870000,538490000,66174000,370300000,False,0.1287757604063285,0.6876636520641052,0.4082197062352168,-1.29258226675093,DOWN
P62137,Ppp1ca,160190000,89253000,465960000,176390000,False,2.908795804981585,1.976292113430361,2.442543959205973,1.288384527048425,UP
Q9D0R2,Tars,966990000,978750000,418750000,76129000,False,0.4330448091500429,0.07778186462324393,0.2554133368866434,-1.969094234851195,DOWN
Q61699,Hsph1,106140000,45046000,66319000,260550000,False,0.6248257019031468,5.7840873773476,3.204456539625373,1.680079703468359,UP
P23116,Eif3a,230090000,172800000,56117000,36840000,False,0.2438915207092877,0.2131944444444444,0.2285429825768661,-2.129462573285089,DOWN
O35215,Ddt,5198300000,1484400000,2856800000,3950000000,False,0.549564280630206,2.661007814605228,1.605286047617717,0.6828303956089229,UP
Q9R0Q7,Ptges3,1459100000,1326700000,246230000,1027400000,False,0.1687547118086492,0.7744026531996684,0.4715786825041588,-1.084429591456558,DOWN
P61965,Wdr5,654370000,363140000,174670000,114450000,False,0.266928496110763,0.3151677039158451,0.2910481000133041,-1.78067049530645,DOWN
P70195,Psmb7,3900100000,3212700000,13850000000,2185100000,False,3.55119099510269,0.6801444268061132,2.115667710954401,1.081113054009997,UP
Q9JJU8,Sh3bgrl,1641800000,1072900000,2010000000,3070300000,False,1.224266049457912,2.86168328828409,2.042974668871001,1.030671316004204,UP
Q60598,Cttn,283430000,259020000,82845000,158790000,False,0.2922943936774512,0.6130414639796155,0.4526679288285334,-1.143474998504946,DOWN
Q62188,Dpysl3,320380000,798910000,724400000,912910000,False,2.261064985329921,1.142694421148815,1.701879703239368,0.7671290642426954,UP
Q60648,Gm2a,7582100000,3449100000,7737700000,8381600000,False,1.020522018965722,2.430083210112783,1.725302614539252,0.7868494298358386,UP
B2RXS4,Plxnb2,453690000,481880000,8910000000,595440000,False,19.63896052370561,1.235660330372707,10.43731042703916,3.383678089029336,UP
Q9JHQ5,Lztfl1,523210000,37113000,624160000,189080000,False,1.192943559947249,5.094710748255328,3.143827154101288,1.652521901192025,UP
B9EKR1,Ptprz1,542550000,140240000,303090000,20366000,False,0.5586397567044512,0.1452224757558471,0.3519311162301492,-1.506635018292469,DOWN
P00015,Cyct,329600000,143730000,1004200000,235920000,False,3.046723300970874,1.641410978918806,2.34406713994484,1.229013892745767,UP
Q9CQ19,Myl9,262310000,126060000,286600000,1167600000,False,1.092600358354619,9.262256068538791,5.177428213446705,2.372235645196647,UP
Q9R0X4;Q32MW3,Acot9;Acot10,443660000,400840000,199670000,191920000,False,0.450051841500248,0.4787945314838838,0.4644231864920659,-1.106488093824973,DOWN
Q6PE15,Abhd10,289720000,85661000,102310000,14375000,False,0.35313406047218,0.1678126568683532,0.2604733586702666,-1.940792274321439,DOWN
Q9JI75,Nqo2,475380000,412010000,1540900000,776880000,False,3.2414068745004,1.885585301327638,2.563496087914019,1.358112696076792,UP
Q8BHG2,,749930000,341740000,761100000,1006500000,False,1.014894723507527,2.945221513431263,1.980058118469395,0.9855427767680318,UP
O89086,Rbm3,577110000,838740000,107860000,84530000,False,0.1868967787770096,0.1007821255693063,0.143839452173158,-2.797468663559276,DOWN
Q8BVU5,Nudt9,697310000,431360000,205890000,193870000,False,0.2952632258249559,0.4494389836795252,0.3723511047522405,-1.425264456906876,DOWN
Q9JMI7,Tex101,2070300000,736120000,1085300000,227070000,False,0.524223542481766,0.3084687279247948,0.4163461352032804,-1.264144662901778,DOWN
P99026,Psmb4,5866500000,3546500000,5765100000,8530200000,False,0.9827154180516492,2.405244607359368,1.693980012705509,0.7604168523910334,UP
P68037,Ube2l3,828860000,1079900000,1595700000,1538800000,False,1.925174335834761,1.424946754329105,1.675060545081933,0.7442132427410588,UP
Q99J36,Thumpd1,525740000,239500000,201350000,68204000,False,0.38298398447902,0.284776617954071,0.3338803012165455,-1.582597117316069,DOWN
Q9DAW9,Cnn3,338530000,144780000,11877000,89824000,False,0.03508403981921838,0.6204171846940185,0.3277506122566184,-1.609329619402157,DOWN
Q9DC11,Plxdc2,410920000,191940000,202230000,56622000,False,0.4921395892144456,0.2949984370115661,0.3935690131130059,-1.345311457513102,DOWN
P01029,C4b,314990000,1084200000,156370000,53963000,False,0.4964284580462872,0.04977218225419664,0.2731003201502419,-1.87249708953958,DOWN
Q76KF0,Sema6d,287970000,81834000,129340000,22763000,False,0.4491440080563948,0.2781606667155461,0.3636523373859705,-1.459368245593516,DOWN
Q8C0F9,Prss35,1333000000,304740000,2016300000,1277900000,False,1.512603150787697,4.193410776399554,2.853006963593625,1.512483268240954,UP
Q9QXX0,Jag1,113070000,445760000,29179000,244750000,False,0.258061377907491,0.5490622756640344,0.4035618267857627,-1.30913837958942,DOWN
Q924X6,Lrp8,432630000,332670000,181460000,35134000,False,0.4194346208076185,0.1056121682147474,0.262523394511183,-1.929482102046228,DOWN
P60122,Ruvbl1,721870000,95751000,1218600000,188240000,False,1.688115588679402,1.965932470679157,1.82702402967928,0.8694956089359271,UP
Q9QXZ0,Macf1,58629000,7441100,25373000,105610000,False,0.4327721775912944,14.19279407614466,7.312783126867975,2.870420577063205,UP
P22907,Hmbs,275630000,22939000,314380000,346660000,False,1.14058701882959,15.11225423950477,8.126420629167182,3.02262004139746,UP
Q99KE1,Me2,418730000,45584000,294010000,146270000,False,0.7021469682134072,3.208801333801334,1.955474151007371,0.9675184655211491,UP
P62960,Ybx1,64141000,45921000,12562000,32162000,False,0.1958497684788201,0.7003767339561421,0.4481132512174811,-1.15806470563622,DOWN
Q6ZWY9;Q64525;Q64478;P10854,Hist1h2bc;Hist2h2bb;Hist1h2bh;Hist1h2bm,3849700000,4248000000,5741300,2372100,False,0.001491362963347793,0.0005584039548022599,0.001024883459075027,-9.930324416466465,DOWN
Q3THE2,Myl12b,1825400000,1061000000,58330000,813400000,False,0.03195464007888682,0.7666352497643732,0.39929494492163,-1.324473287335785,DOWN
Q61792,Lasp1,786770000,424470000,197220000,226080000,False,0.2506704627781944,0.5326171460880628,0.3916438044331286,-1.352385958893339,DOWN
Q9D8B3,Chmp4b,698070000,436120000,125940000,100060000,False,0.1804117065623791,0.2294322663487114,0.2049219864555452,-2.286853312838418,DOWN
P62715,Ppp2cb,935250000,1737900000,46437000,124070000,False,0.04965196471531676,0.07139075896196559,0.06052136183864117,-4.046411738641933,DOWN
Q8BU30,Iars,153100000,140360000,89848000,36259000,False,0.5868582625734814,0.2583285836420633,0.4225934231077724,-1.242657780344362,DOWN
Q61081,Cdc37,896050000,328770000,91119000,259010000,False,0.1016896378550304,0.7878151899504212,0.4447524139027258,-1.168925659117151,DOWN
Q08879,Fbln1,538480000,265330000,116570000,132610000,False,0.2164797206952905,0.4997927109637056,0.358136215829498,-1.481419679117027,DOWN
Q9Z2C8,Ybx2,215740000,85223000,583090000,329240000,False,2.702744043756373,3.863276345587459,3.283010194671916,1.715019229892551,UP
P70696,Hist1h2ba,14820000,36597000,1246200000,5661300000,False,84.08906882591093,154.6930076235757,119.3910382247433,6.899550738320884,UP
Q6NZB0,Dnajc8,416710000,1040300000,230830000,420490000,False,0.5539343908233544,0.4042007113332692,0.4790675510783118,-1.061698996891493,DOWN
O54983,Crym,602790000,302660000,123810000,28050000,False,0.2053949136515204,0.0926782528249521,0.1490365832382363,-2.746261589849416,DOWN
Q9ERF3,Wdr61,392730000,93118000,118650000,21294000,False,0.3021159575280727,0.2286775918726777,0.2653967747003752,-1.913777256779287,DOWN
P62874,Gnb1,1460300000,1607800000,804690000,437420000,False,0.5510443059645278,0.2720612016419953,0.4115527538032615,-1.280850724332039,DOWN
Q9Z2I9,Sucla2,548800000,30807000,280150000,10684000,False,0.5104774052478134,0.3468042977245431,0.4286408514861783,-1.222158742707752,DOWN
Q8BJY1,Psmd5,1078500000,937240000,1751800000,1460400000,False,1.624292999536393,1.558192138619777,1.591242569078085,0.67015377692052,UP
Q9JKB3,Ybx3,1109200000,451280000,63172000,75886000,False,0.05695275874504147,0.1681572416238256,0.1125550001844335,-3.151297945860283,DOWN
Q9D0I8,Mrto4,175860000,57177000,51427000,13246000,False,0.2924314795860343,0.2316665792189167,0.2620490294024755,-1.932091329467452,DOWN
O54724,Ptrf,589100000,580360000,80565000,185530000,False,0.1367594635885249,0.3196808877248604,0.2282201756566926,-2.131501757102957,DOWN
Q8C878,Uba3,808020000,503330000,470980000,199450000,False,0.5828816118412911,0.396260902390082,0.4895712571156866,-1.030409235455476,DOWN
Q9CZ30,Ola1,765330000,453890000,370210000,214080000,False,0.4837259744162649,0.4716561281367732,0.477691051276519,-1.065850244245053,DOWN
P55302,Lrpap1,731840000,319570000,687650000,754590000,False,0.9396179492785308,2.361266702130989,1.65044232570476,0.7228527248230803,UP
Q9EST5,Anp32b,2659900000,4034600000,86092000,1636100000,False,0.03236663032444829,0.4055172755663511,0.2189419529453997,-2.191379669344852,DOWN
P46471,Psmc2,649410000,932930000,311460000,324670000,False,0.4796045641428374,0.3480111047988595,0.4138078344708485,-1.272967135418669,DOWN
Q9QXD6,Fbp1,1106500000,23379000,1104500000,88130000,False,0.9981924988703118,3.769622310620643,2.383907404745477,1.253328200016161,UP
Q61584,Fxr1,59845000,2574800,20292000,61702000,False,0.3390759461943353,23.96380301382632,12.15143948001033,3.6030553229292,UP
Q60597,Ogdh,261950000,20444000,212760000,47101000,False,0.8122160717694217,2.303903345724907,1.558059708747164,0.6397505221433764,UP
P51859,Hdgf,2175300000,1906600000,806560000,1127000000,False,0.3707810416953983,0.5911045840763663,0.4809428128858824,-1.056062736174459,DOWN
Q8R3Q6,Ccdc58,392900000,216440000,36619000,179150000,False,0.09320183252736065,0.8277120680096101,0.4604569502684854,-1.118861814873482,DOWN
Q64442,Sord,1093500000,514770000,241270000,290920000,False,0.2206401463191587,0.5651455990053811,0.3928928726622699,-1.347792098299884,DOWN
Q8R146,Apeh,1329100000,702860000,521820000,358090000,False,0.392611541644722,0.5094755712375153,0.4510435564411187,-1.148661336290528,DOWN
Q8BGF3,Wdr92,734710000,201280000,130710000,149600000,False,0.1779069292646078,0.7432432432432432,0.4605750862539255,-1.118491720903845,DOWN
Q9D051,Pdhb,3853400000,875380000,1060600000,428250000,False,0.2752374526392277,0.4892161118599923,0.38222678224961,-1.387499224826886,DOWN
Q60715,P4ha1,662220000,801980000,116010000,221100000,False,0.1751834737700462,0.2756926606648545,0.2254380672174504,-2.149196946951486,DOWN
P05132;P68181,Prkaca;Prkacb,776320000,535730000,109010000,433210000,False,0.1404188994229184,0.8086349467082299,0.4745269230655741,-1.075438151642468,DOWN
P59242,Cgn,262480000,108490000,298910000,221450000,False,1.138791526973484,2.041201954097152,1.589996740535318,0.6690238080138111,UP
P30681,Hmgb2,714550000,988880000,102940000,370380000,False,0.1440626968021832,0.3745449397297953,0.2593038182659892,-1.947284644759209,DOWN
P63158,Hmgb1,795440000,3260800000,146350000,712320000,False,0.1839862214623353,0.2184494602551521,0.2012178408587437,-2.313169868385383,DOWN
Q62446,Fkbp3,733280000,1357400000,274830000,423470000,False,0.3747954396683395,0.3119714159422425,0.343383427805291,-1.54210768047465,DOWN
Q91W89,Man2c1,313850000,129680000,177030000,20400000,False,0.564059263979608,0.1573103022825416,0.3606847831310748,-1.471189536093517,DOWN
Q9EQU5,Set,3779700000,5810300000,80791000,5509400000,False,0.02137497685001455,0.9482126568335542,0.4847938168417844,-1.044556796382977,DOWN
Q9WTM3,Sema6c,1449700000,528790000,625990000,172220000,False,0.4318065806718632,0.3256869456684128,0.378746763170138,-1.400694535749547,DOWN
P80313,Cct7,1250800000,1388300000,2187200000,1900500000,False,1.7486408698433,1.368940430742635,1.558790650292968,0.6404271832859835,UP
Q99L47,St13,3002500000,1662000000,224010000,784060000,False,0.07460782681099085,0.4717569193742479,0.2731823730926194,-1.87206369717547,DOWN
P80317,Cct6a,1090300000,769970000,1879700000,1649200000,False,1.724020911675685,2.141901632531138,1.932961272103412,0.9508127326841376,UP
P05063,Aldoc,244050000,435010000,117440000,202030000,False,0.4812128662159393,0.4644261051470081,0.4728194856814737,-1.080638602272185,DOWN
Q9Z0N1,Eif2s3x,1479400000,1424700000,740120000,637070000,False,0.5002838988779235,0.4471608057836737,0.4737223523307986,-1.077886348583444,DOWN
Q9QWR8,Naga,1316600000,1157400000,616410000,309010000,False,0.468183199149324,0.2669863487126318,0.3675847739309779,-1.443851086228894,DOWN
Q06335,Aplp2,1484800000,724280000,1564100000,1953300000,False,1.05340786637931,2.696885182526095,1.875146524452703,0.9070033325909336,UP
P27612,Plaa,356080000,225920000,338710000,1261900000,False,0.951218827229836,5.585605524079321,3.268412175654578,1.708589931548572,UP
P63330,Ppp2ca,262120000,275220000,1108200000,906720000,False,4.227834579581871,3.294528013952474,3.761181296767173,1.911185848958133,UP
Q06138,Cab39,1851800000,1152100000,1145000000,201240000,False,0.6183173128847608,0.1746723374707057,0.3964948251777332,-1.334626058060607,DOWN
P63087,Ppp1cc,586030000,276370000,813270000,599340000,False,1.387761718683344,2.168614538481022,1.778188128582183,0.8304079663581432,UP
P62141,Ppp1cb,1403300000,1344000000,317830000,291910000,False,0.2264875650252975,0.2171949404761905,0.221841252750744,-2.172400426389657,DOWN
Q8CAY6,Acat2,1660900000,1683700000,446370000,958170000,False,0.2687518815100247,0.5690859416760705,0.4189189115930476,-1.255257080471296,DOWN
Q00612,G6pdx,531030000,551520000,444320000,3519300000,False,0.836713556672881,6.38109225413403,3.608902905403455,1.851560329220943,UP
