UniProt Accession Number,Gene names,log2FC,regulated
Q9JHU4,Dync1h1,-1.3222718407935858,DOWN
Q62261,Sptbn1,-1.0633144767505385,DOWN
Q80X90,Flnb,-1.3280486199764763,DOWN
P02463,Col4a1,-0.9240864146632282,DOWN
Q01149,Col1a2,-0.7981969097570871,DOWN
Q60847,Col12a1,2.492430893297398,UP
P07901,Hsp90aa1,-1.62353781343302,DOWN
O88207,Col5a1,-0.9902027005257906,DOWN
A2ARV4,Lrp2,-0.809227462049801,DOWN
Q9JKR6,Hyou1,-0.6951330364547458,DOWN
P70398,Usp9x,-0.848438677372373,DOWN
Q64514,Tpp2,-0.5918350433769298,DOWN
Q8K411,Pitrm1,-0.8994604333848195,DOWN
E9Q557,Dsp,-1.4076362341585245,DOWN
Q91ZX7,Lrp1,-0.7872731558847111,DOWN
Q8VHY0,Cspg4,-1.579519376736219,DOWN
P26039,Tln1,-1.0053979185624333,DOWN
P08003,Pdia4,-1.1075836987795953,DOWN
Q04857,Col6a1,-0.7851669751471716,DOWN
P09411,Pgk1,-0.7429405541323525,DOWN
P14733,Lmnb1,-0.7905865262206724,DOWN
Q93092,Taldo1,0.8110963234713544,UP
P21107,Tpm3,0.5982259768745031,UP
Q8BHG1,Nrd1,-2.4217997840314753,DOWN
P62259,Ywhae,0.6389613709349938,UP
Q99KI0,Aco2,-0.7816749721243317,DOWN
O35206,Col15a1,-0.7988197850162906,DOWN
Q99KK7,Dpp3,-0.9929160923203528,DOWN
Q3U962,Col5a2,-0.6567743627094202,DOWN
P60710,Actb,0.8704846462368684,UP
Q9DCD0,Pgd,-0.882648579840339,DOWN
P50247,Ahcy,-1.0974952334927897,DOWN
Q9D964,Gatm,-0.8490694229487523,DOWN
P08071,Ltf,-0.9792894118326072,DOWN
Q02788,Col6a2,-0.9712968288136853,DOWN
P97798,Neo1,1.4705213068165204,UP
Q64449,Mrc2,-1.186066703497449,DOWN
P09405,Ncl,-0.6499682934044572,DOWN
Q8CFX1,H6pd,-0.6912397144443057,DOWN
O08638,Myh11,-1.3572782563840682,DOWN
Q922R8,Pdia6,-1.015930816276299,DOWN
Q61425,Hadh,-0.6177705964830196,DOWN
Q02257,Jup,-0.5962240008956992,DOWN
E9PV24,Fga,0.6371467122799463,UP
Q6GQT1,A2mp,-0.67569940154416,DOWN
Q8VDD5,Myh9,-1.1739641628651643,DOWN
P05214,Tuba3a,-0.934428252873426,DOWN
Q99JY9,Actr3,-0.747642511350593,DOWN
Q9EQK5,Mvp,-1.7913851417047026,DOWN
B2RQC6,Cad,-1.0990863883679265,DOWN
Q8R016,Blmh,-0.8258574402341236,DOWN
Q00519,Xdh,-0.6526801455960738,DOWN
Q62356,Fstl1,-0.6720625525372074,DOWN
P63005,Pafah1b1,-0.8704994553204951,DOWN
P68510,Ywhah,0.6146119598117091,UP
Q91VI7,Rnh1,-0.6473294110971158,DOWN
Q9EQH3,Vps35,-0.8372685478907839,DOWN
Q60864,Stip1,-0.951480044587343,DOWN
Q9CPV4,Glod4,-1.4379343053657239,DOWN
Q91YI0,Asl,-0.9333563199497872,DOWN
Q6WKZ8,Ubr2,-1.1417680739945437,DOWN
P61982,Ywhag,-0.6645169598880567,DOWN
P30416,Fkbp4,-0.7838653487836351,DOWN
Q9CVB6,Arpc2,-0.8061491613652934,DOWN
Q9QUM9,Psma6,0.6024676220981903,UP
Q8K1J6,Trnt1,-1.1557582232430192,DOWN
Q8BRK9,Man2a2,-0.6266932595602099,DOWN
Q9CZ44,Nsfl1c,-1.0775891354326808,DOWN
Q6P5H2,Nes,-2.0071047477149566,DOWN
Q9Z1Z0,Uso1,-0.6024753434406342,DOWN
P62908,Rps3,-0.6696392828766673,DOWN
P61202,Cops2,-1.5338879566672108,DOWN
Q9CPY7,Lap3,-0.6144086521288178,DOWN
P08228,Sod1,0.7302943537140916,UP
Q9ER72,Cars,-1.145772447562171,DOWN
Q9Z2X1,Hnrnpf,-0.8373929641285548,DOWN
Q3THS6,Mat2a,-0.6259794228612461,DOWN
P19324,Serpinh1,-0.6824521006724193,DOWN
P14152,Mdh1,-0.7822599726598258,DOWN
P97290,Serping1,-0.7132771439074488,DOWN
Q9R118,Htra1,0.6291420018917853,UP
P23249,Mov10,0.660274792593811,UP
Q8VI75,Ipo4,-0.6401612441454714,DOWN
P68040,Gnb2l1,-0.9932016763244156,DOWN
Q8BWZ3,Naa25,-3.131860319052134,DOWN
Q9DCJ9,Npl,-2.0210691081701624,DOWN
O08749,Dld,-0.8376431828259083,DOWN
P10518,Alad,-0.9637139751763124,DOWN
P97298,Serpinf1,-0.8712235199775558,DOWN
Q62179,Sema4b,-0.617708862960229,DOWN
Q60675,Lama2,-0.6987602465881709,DOWN
P61979,Hnrnpk,-0.6545824232222437,DOWN
P11983,Tcp1,2.319721851086117,UP
Q99JI4,Psmd6,1.007160225540049,UP
Q7TMK9,Syncrip,-1.1470696031131744,DOWN
Q6PDN3,Mylk,-0.7649933215587552,DOWN
Q64737,Gart,-0.8881239330156143,DOWN
Q921M7,Fam49b,-0.6397831023754584,DOWN
P58389,Ppp2r4,-0.9662969383623079,DOWN
Q9JHW2,Nit2,-1.1200267282305463,DOWN
P97807,Fh,-0.6941003424236296,DOWN
P51655,Gpc4,-1.836937350362307,DOWN
P50580,Pa2g4,-1.3648034444220294,DOWN
P17751,Tpi1,0.643627629696915,UP
Q9D8W5,Psmd12,-1.080683394028822,DOWN
Q9WTX6,Cul1,-1.046517062172833,DOWN
P40336,Vps26a,-0.9788220603758104,DOWN
Q9D0I9,Rars,-1.3251757911937965,DOWN
Q7TQI3,Otub1,-0.9192837532644346,DOWN
P30115,Gsta3,-2.737802295943853,DOWN
P15532,Nme1,-0.6204239919087069,DOWN
Q9QZE7,Tsnax,-0.7867050827466557,DOWN
O35381,Anp32a,-1.7207299183581628,DOWN
O35855,Bcat2,-0.6881174187784138,DOWN
Q9JKF1,Iqgap1,-1.6107609019512477,DOWN
Q5SWU9,Acaca,-3.3867973987151707,DOWN
P22892,Ap1g1,-1.045189279121411,DOWN
P80316,Cct5,0.5940568331067227,UP
Q01405,Sec23a,-0.6104596728049414,DOWN
O88544,Cops4,-0.6562463822321525,DOWN
Q9CWH6,Psma8,0.7714119588881794,UP
Q9CZY3,Ube2v1,-0.758260081576029,DOWN
Q9CY58,Serbp1,-0.7519771272733323,DOWN
O08795,Prkcsh,-0.7318636408909807,DOWN
Q9Z0S1,Bpnt1,-0.5884571229832034,DOWN
Q99JW2,Acy1,-1.0063775273715068,DOWN
Q9CY64,Blvra,-0.9416119615481862,DOWN
Q9CZU6,Cs,-0.7631732067787591,DOWN
O35459,Ech1,-2.9942798055215065,DOWN
P51660,Hsd17b4,-1.2841149062581814,DOWN
P48759,Ptx3,-0.6534951184619688,DOWN
P10923,Spp1,-0.9430454192854253,DOWN
Q8BFR4,Gns,-0.6634050246446336,DOWN
Q8CDN6,Txnl1,-0.7830175743606698,DOWN
Q9Z1Z2,Strap,-0.7578518512969459,DOWN
P80317,Cct6a,0.9423347496255263,UP
P05063,Aldoc,-1.0808659528566849,DOWN
Q9CWS0,Ddah1,-0.8503363836356996,DOWN
Q05186,Rcn1,-0.8426965243415404,DOWN
Q9CQI3,Gmfb,-1.5189293451977153,DOWN
Q9Z0N1,Eif2s3x,-1.0801577143466137,DOWN
Q8BGR9,Ublcp1,-0.72028489020848,DOWN
Q9D051,Pdhb,-1.4463537373958557,DOWN
F6ZDS4,Tpr,-0.7522405651802402,DOWN
P05132;P68181,Prkaca;Prkacb,-1.5693152551986917,DOWN
Q9D819,Ppa1,-0.7544236316165847,DOWN
P59242,Cgn,0.6084612960094543,UP
P30681,Hmgb2,-2.1060102713614173,DOWN
P63158,Hmgb1,-2.318479460104534,DOWN
Q62446,Fkbp3,-1.5481694704948228,DOWN
Q91W89,Man2c1,-1.7471981417041422,DOWN
Q9EQU5,Set,-2.812325388368246,DOWN
Q8BP92,Rcn2,-0.64275371873941,DOWN
A6H630,Armt1,-0.596674233796159,DOWN
P01901,H2-K1,-0.597025629932606,DOWN
P12804,Fgl2,-0.595505450673967,DOWN
Q8VC30,Dak,-0.6301154683281676,DOWN
Q9QWR8,Naga,-1.5000085242458874,DOWN
Q99L47,St13,-2.4142068102447087,DOWN
P80313,Cct7,0.6296468464817313,UP
P46471,Psmc2,-1.291438729680504,DOWN
Q9CQM9,Glrx3,-1.0191561619920555,DOWN
A6H5Y3,Mtr,-0.5947479067155816,DOWN
Q9CPW4,Arpc5,-1.295168428852017,DOWN
Q9EST5,Anp32b,-3.1257568665957,DOWN
Q9CZ30,Ola1,-1.0659653848426225,DOWN
Q8C878,Uba3,-1.0571013355975076,DOWN
O54724,Ptrf,-2.2577915130393578,DOWN
P28474,Adh5,-0.7038344916845245,DOWN
Q8BGF3,Wdr92,-1.4594495220128456,DOWN
Q8R146,Apeh,-1.1608703163930034,DOWN
P61089,Ube2n,-0.8712567370611944,DOWN
O35864,Cops5,-0.9477312357390951,DOWN
O89079,Cope,-0.8659177017381025,DOWN
Q64442,Sord,-1.5017691363737131,DOWN
P27612,Plaa,1.2047814320893095,UP
Q8R3Q6,Ccdc58,-1.848148485670102,DOWN
Q99JF8,Psip1,-1.0534266595676882,DOWN
P51859,Hdgf,-1.0949376505469064,DOWN
Q61937,Npm1,-1.1418641344599323,DOWN
Q61584,Fxr1,1.5112326618621026,UP
Q9QXD6,Fbp1,0.9559049752468113,UP
Q9WTM3,Sema6c,-1.4149925328196167,DOWN
Q06335,Aplp2,0.7531791197385133,UP
O35684,Serpini1,-0.9554121086520648,DOWN
Q811B1,Xylt1,-0.6804049480077657,DOWN
P63330,Ppp2ca,1.899995362253612,UP
Q06138,Cab39,-1.6054288193516073,DOWN
P63087,Ppp1cc,0.7947667594625091,UP
Q9D1P4,Chordc1,-0.7312283998876861,DOWN
P62141,Ppp1cb,-2.172716925131027,DOWN
Q8BWY3,Etf1,-1.145421044687589,DOWN
Q8CAY6,Acat2,-1.3544673971616403,DOWN
Q9CZD3,Gars,-1.6408106857078808,DOWN
Q00612,G6pdx,1.208304553583681,UP
P97351,Rps3a,-0.7257891149689446,DOWN
Q11136,Pepd,-0.7604795310466532,DOWN
O35737;P70333,Hnrnph1;Hnrnph2,-0.6794278310961075,DOWN
P97315,Csrp1,-0.9703935960618946,DOWN
Q60715,P4ha1,-2.185964323128168,DOWN
Q9Z2N8,Actl6a,-0.602398160732771,DOWN
Q62188,Dpysl3,0.6847210537317896,UP
P99029,Prdx5,-1.4516468765079182,DOWN
Q9DC23,Dnajc10,-1.2841173687607286,DOWN
Q60598,Cttn,-1.2402246878842107,DOWN
Q9D2M8,Ube2v2,-0.760789606534364,DOWN
P61327;Q9CQL1,Magoh;Magohb,-0.8614918545398789,DOWN
Q9JJU8,Sh3bgrl,0.904390561150455,UP
Q9JK81,Myg1,-0.598642951947592,DOWN
P70195,Psmb7,0.6361079959138993,UP
A3KMP2,Ttc38,-1.3852293868497565,DOWN
Q8K4Z3,Apoa1bp,-0.7349006773724379,DOWN
P00015,Cyct,1.1610974953464188,UP
B9EKR1,Ptprz1,-1.811836593487196,DOWN
Q9JHQ5,Lztfl1,1.3017630141455407,UP
B2RXS4,Plxnb2,2.3004644411240562,UP
Q60648,Gm2a,0.6551565127602096,UP
P29391;P49945,Ftl1;Ftl2,-0.8764111037078341,DOWN
Q60973,Rbbp7,-0.971389046963108,DOWN
Q61699,Hsph1,0.9268075254551309,UP
P53811,Pitpnb,-0.7245257160940939,DOWN
Q9EPL8,Ipo7,-0.5957860244397646,DOWN
P63085,Mapk1,-0.5940432513689164,DOWN
Q9D0R2,Tars,-2.445917074753994,DOWN
P62137,Ppp1ca,1.2616091148841566,UP
Q8BMJ3,Eif1ax,-1.7486460199332847,DOWN
P62869,Tceb2,-1.534873666084625,DOWN
O08810,Eftud2,-0.906347481661901,DOWN
Q9QZ08,Nagk,-0.784769413206767,DOWN
Q9D0I8,Mrto4,-1.9418538173678814,DOWN
Q9CR00,Psmd9,-1.2378019761308234,DOWN
Q5FWK3,Arhgap1,-1.2013752425044433,DOWN
P23116,Eif3a,-2.132723372255948,DOWN
P61965,Wdr5,-1.7856415773925742,DOWN
P14131,Rps16,-1.2635263373715897,DOWN
Q9R0Q7,Ptges3,-1.467922255007994,DOWN
P47811,Mapk14,-0.6503477228953347,DOWN
Q8C0E2,Vps26b,-0.9675712846906214,DOWN
P14206,Rpsa,-0.6279027570305309,DOWN
Q9D892,Itpa,-0.7320754815158295,DOWN
O08716,Fabp9,-0.7174292229743646,DOWN
Q6ZWY9;Q64525;Q64478;P10854,Hist1h2bc;Hist2h2bb;Hist1h2bh;Hist1h2bm,-10.097778042964512,DOWN
P62317,Snrpd2,-0.7472324622093196,DOWN
P70696,Hist1h2ba,6.833555270006145,UP
Q9Z2C8,Ybx2,1.692124885489719,UP
P12032,Timp1,-0.7455621429568967,DOWN
Q08879,Fbln1,-1.6041472227933102,DOWN
Q61081,Cdc37,-1.8209131396604317,DOWN
Q8BU30,Iars,-1.3608183992370484,DOWN
P62715,Ppp2cb,-4.070062117057368,DOWN
Q9D1M0,Sec13,-0.7688140889047748,DOWN
Q9D8B3,Chmp4b,-2.2972474672780354,DOWN
Q61792,Lasp1,-1.4524826538760953,DOWN
Q8VEK3,Hnrnpu,-0.5935692462300302,DOWN
Q6NZB0,Dnajc8,-1.0795346093128524,DOWN
Q9JKB3,Ybx3,-3.353103824392939,DOWN
P07356,Anxa2,-0.7194671417940477,DOWN
P62196,Psmc5,-0.9880422409065095,DOWN
Q61990;P57722,Pcbp2;Pcbp3,-0.6285712448536187,DOWN
Q8BJY1,Psmd5,0.6698425195092599,UP
Q9Z2I9,Sucla2,-1.2489436533798313,DOWN
P62874,Gnb1,-1.368878319168405,DOWN
Q99LS3,Psph,-0.6641356562822491,DOWN
Q9ERF3,Wdr61,-1.9277193993751403,DOWN
Q9CZX8,Rps19,-1.44093237953762,DOWN
O54983,Crym,-2.8575764912020363,DOWN
Q6ZQI3,Mlec,-0.7381130805206361,DOWN
Q3THE2,Myl12b,-2.675609256220086,DOWN
Q9D8S4,Rexo2,-1.0291110268593284,DOWN
P68037,Ube2l3,0.7279485538217718,UP
P99026,Psmb4,0.6205146079332459,UP
Q9JMI7,Tex101,-1.3142749028414575,DOWN
Q8BVU5,Nudt9,-1.4568646191898298,DOWN
Q9CQU0,Txndc12,-1.0599622058676113,DOWN
O89086,Rbm3,-2.865187348261792,DOWN
Q8BHG2,,0.7898531135965376,UP
Q9JI75,Nqo2,1.305816271233116,UP
Q9CYR0,Ssbp1,-0.7131730912977031,DOWN
Q6PE15,Abhd10,-2.0383943397485984,DOWN
Q9R0X4;Q32MW3,Acot9;Acot10,-1.1071791599426626,DOWN
Q9CQ19,Myl9,1.669564722161931,UP
Q91VM5,Rbmxl1,-0.620434468214865,DOWN
P62960,Ybx1,-1.4329888038693719,DOWN
Q8K2B3,Sdha,-0.9859452988247825,DOWN
Q91VC3,Eif4a3,-1.2380433810300056,DOWN
Q99KE1,Me2,0.5859397062311399,UP
P22907,Hmbs,2.05371174568956,UP
Q9QXZ0,Macf1,1.3093831938542522,UP
P60122,Ruvbl1,0.8653137289794295,UP
Q924X6,Lrp8,-2.248317087595148,DOWN
Q9JJH1,Rnase4,-0.9522355651288256,DOWN
Q9QXX0,Jag1,-1.40958607888296,DOWN
Q8C0F9,Prss35,1.332578844615964,UP
Q76KF0,Sema6d,-1.5003798361787961,DOWN
Q8BM88,Ctso,-0.7711165319614144,DOWN
P01029,C4b,-2.669429410171504,DOWN
Q9DC11,Plxdc2,-1.3920406515813157,DOWN
Q9DAW9,Cnn3,-2.7608653789223174,DOWN
Q99J36,Thumpd1,-1.598370715121815,DOWN
Q8VBW6,Nae1,-0.6619928905020335,DOWN
Q9D662,Sec23b,-0.899688112060317,DOWN
O55013,Trappc3,-1.092726429430064,DOWN
P23506,Pcmt1,-0.8445872041451146,DOWN
Q923G2,Polr2h,-0.9670943417946198,DOWN
Q9EQ80,Nif3l1,-1.4690734785286734,DOWN
Q99LD4,Gps1,-1.1320681288564312,DOWN
Q3TMX7,Qsox2,2.3102376588445317,UP
Q9QZ73,Dcun1d1,-0.938121527220635,DOWN
Q3UM45,Ppp1r7,-1.2825569719104855,DOWN
P17047,Lamp2,-0.7165040878711436,DOWN
Q8R050;Q149F3,Gspt1;Gspt2,-4.157476607729384,DOWN
P46664,Adss,-1.6282536347553784,DOWN
Q9WUK2,Eif4h,-2.6429001392340528,DOWN
Q8BP48,Metap1,-1.0458550221371707,DOWN
P55264,Adk,0.9356632634321076,UP
P83940,Tceb1,0.5926783383110844,UP
P21300,Akr1b7,1.1976294399254908,UP
Q8VDG5,Ppcs,-1.9138246162432155,DOWN
Q9WUZ9,Entpd5,-1.8156686062998293,DOWN
Q8QZS1,Hibch,-0.7828317062188922,DOWN
Q8CG72,Adprhl2,-0.7576298704631828,DOWN
P47199,Cryz,-1.144009269155152,DOWN
Q9R1Z7,Pts,-1.8566474726931892,DOWN
P14869,Rplp0,-1.5400014615832256,DOWN
P19536,Cox5b,0.657534984395109,UP
P84089,Erh,1.1822855480323857,UP
Q99LJ6,Gpx7,-1.00449899905991,DOWN
Q61029;Q61033,Tmpo,-1.0170660432496181,DOWN
Q9D6J6,Ndufv2,-3.386205353143643,DOWN
P97350,Pkp1,-0.8791708246415236,DOWN
Q62148,Aldh1a2,-1.1427404164040333,DOWN
Q8K4Z5,Sf3a1,-0.6454589850825415,DOWN
Q9D1G1,Rab1b,-0.9826397997264988,DOWN
Q9WUD8,Faim,0.8714578100458816,UP
Q8BI72,Cdkn2aip,-1.2454403023719902,DOWN
P12399,Ctla2a,-1.055069456604333,DOWN
Q9ER65,Clstn2,-1.3816651377386113,DOWN
O08992,Sdcbp,-1.0028310989842246,DOWN
P08905,Lyz2,-0.7317976013751613,DOWN
Q8R242,Ctbs,-1.0609898742437607,DOWN
P08226,Apoe,-0.6733132428798184,DOWN
P61922,Abat,-1.5276324040419558,DOWN
O88322,Nid2,1.0122757727963132,UP
Q9ET22,Dpp7,-0.6719739865543398,DOWN
P36993,Ppm1b,-2.7756016648042783,DOWN
P84078;P61205;Q8BSL7,Arf1;Arf3;Arf2,0.6213100217300267,UP
Q920A5,Scpep1,-0.6530723746504005,DOWN
P20065,Tmsb4x,-0.7392733430692553,DOWN
O70433,Fhl2,-0.9944193404286406,DOWN
Q9CX34,Sugt1,-0.8311333349769248,DOWN
Q6P4T2,Snrnp200,-1.248403364500563,DOWN
Q8JZK9,Hmgcs1,-1.095663058345512,DOWN
Q9DBH5,Lman2,-0.9700977104743143,DOWN
Q07813,Bax,0.842375006903267,UP
Q9Z1Q9,Vars,-0.9433090709874062,DOWN
Q61239,Fnta,-1.1661579966017253,DOWN
Q569Z6,Thrap3,-1.90079835831849,DOWN
Q8R4N0,Clybl,-1.4345663925814105,DOWN
Q60676,Ppp5c,0.8268138436945435,UP
O35593,Psmd14,-0.6518655762049165,DOWN
Q9CWM4,Pfdn1,0.6605015958922621,UP
Q810B6,Ankfy1,0.980165524612894,UP
Q9JJA4,Wdr12,-2.453775558662149,DOWN
P14069,S100a6,0.9048032311604136,UP
P70349,Hint1,0.6635052979997689,UP
Q99LD8,Ddah2,1.6381172079278126,UP
Q9Z2Y8,Prosc,1.6954383269984306,UP
O70493,Snx12,-2.13846713443071,DOWN
Q60817;P70670,Naca,-3.104431626517519,DOWN
Q9CR98,Fam136a,-1.6617666128703548,DOWN
P54775,Psmc4,-0.7253255918155094,DOWN
Q91Z53,Grhpr,-1.160605360306969,DOWN
P62270,Rps18,-0.9696663750554393,DOWN
Q8BFS6,Cpped1,-0.7327025425916112,DOWN
Q9CQ45,Nenf,-1.848642431364138,DOWN
Q99KR7,Ppif,1.9755059907758217,UP
P56380,Nudt2,-1.8085780031327614,DOWN
P26350,Ptma,-0.6084618965242248,DOWN
Q8VCA8,Scrn2,-1.029268065100021,DOWN
Q99KP3,Cryl1,-0.7867604523867727,DOWN
Q8BGD9,Eif4b,-1.7456790901017931,DOWN
Q8VCR7,Abhd14b,4.576399201098807,UP
Q8VBV7,Cops8,-1.2803780196702166,DOWN
P11930,Nudt19,-0.9004126793696563,DOWN
P42669,Pura,-0.6258937051480132,DOWN
Q71RI9,Ccbl2,-2.003159255456092,DOWN
Q3ULJ0,Gpd1l,-1.7969354026681783,DOWN
P39061,Col18a1,2.031338359311053,UP
Q99KJ8,Dctn2,-1.3815595526978426,DOWN
O35900,Lsm2,1.0793754477109905,UP
P50429,Arsb,-0.9406373572415551,DOWN
P20060,Hexb,-0.8656566387267638,DOWN
Q8BHN0,Ppm1l,1.192625067126237,UP
P63037,Dnaja1,-1.1515916692347683,DOWN
Q9CR51,Atp6v1g1,-0.6434292680194771,DOWN
P63001;P60764,Rac1;Rac3,0.8423962921374971,UP
Q9DB05,Napa,-1.469768925866827,DOWN
O70318,Epb41l2,-2.7588507231833903,DOWN
Q8K310,Matr3,-1.926796266488124,DOWN
P62264,Rps14,-1.9945586403155764,DOWN
P16110,Lgals3,-1.4609350124533727,DOWN
Q8BY87,Usp47,-3.2114741318496414,DOWN
Q8BG95,Ppp1r12b,-1.541357618378094,DOWN
Q99JI6;P62835,Rap1b;Rap1a,1.8016659497282235,UP
P48036,Anxa5,-1.429467021036399,DOWN
P42225,Stat1,1.5817087249605857,UP
Q8K354,Cbr3,-0.6739071789989323,DOWN
Q9CQW1,Ykt6,0.7874893367726774,UP
O88685,Psmc3,-0.8610519175832458,DOWN
Q9CQE8,,-1.1415030499222794,DOWN
Q8BP40,Acp6,-0.7606446481207512,DOWN
Q8VCT3,Rnpep,-0.7306935531898708,DOWN
Q9Z1B5,Mad2l1,1.6297218964899778,UP
Q9DCT5,Sdf2,-0.7310240624050227,DOWN
P47941,Crkl,-0.5876820636056755,DOWN
Q78ZA7,Nap1l4,-3.530168342589996,DOWN
P62814,Atp6v1b2,1.454926474887817,UP
Q6NZJ6,Eif4g1,-1.0530377521073069,DOWN
Q9QXA5,Lsm4,-1.2796677570514037,DOWN
O35344,Kpna3,-0.6519241525482043,DOWN
Q9D8S9,Bola1,1.007246677633678,UP
Q9WU28,Pfdn5,-1.2023855877864726,DOWN
Q9CR68,Uqcrfs1,-1.3133127715657378,DOWN
P60867,Rps20,-2.190416258716678,DOWN
Q9WUP7,Uchl5,-1.0224497451605197,DOWN
Q8BPG6,Sumf2,-2.441556514160256,DOWN
P70665,Siae,-0.8407533441351638,DOWN
P63276,Rps17,-1.249785229942761,DOWN
P35585,Ap1m1,-1.153924944347605,DOWN
P35564,Canx,1.5056244841929938,UP
Q9QZ23,Nfu1,-1.4438687941573325,DOWN
Q9CR86,Carhsp1,-1.126522546393717,DOWN
P13707,Gpd1,-1.6220120778149836,DOWN
Q6P3D0,Nudt16,-1.1687443606690027,DOWN
Q6P069,Sri,-0.7135246772423418,DOWN
Q920B9,Supt16h,-1.73807088909116,DOWN
P55821,Stmn2,0.8264051534635717,UP
Q922V4,Plrg1,-0.6038473235858323,DOWN
Q9CQR2,Rps21,1.1262874580078348,UP
P56395,Cyb5a,-0.9225208928427628,DOWN
P27048;P63163,Snrpb;Snrpn,-0.7504577598589751,DOWN
Q9JL35,Hmgn5,-2.0186010408384014,DOWN
Q3SXD3,Hddc2,-1.6358968403180845,DOWN
Q8R3B1,Plcd1,-0.9638060522187296,DOWN
P60898,Polr2i,-1.3154233065789223,DOWN
Q9D868,Ppih,0.9205787748559017,UP
P99028,Uqcrh,-1.4555531213936121,DOWN
P10148,Ccl2,1.357408149218568,UP
Q99KR8,Fuca2,-0.8432255208075716,DOWN
O70340,Nptx2,-1.0278811118854927,DOWN
P04202,Tgfb1,1.4830693728942523,UP
Q91V88,Npnt,-2.8523760052853655,DOWN
Q7TMR0,Prcp,0.9031633176424089,UP
P15535,B4galt1,-0.5964140813858619,DOWN
P11214,Plat,-0.7159997800198797,DOWN
Q8VE43,Metrnl,-0.6980877526295183,DOWN
Q62059,Vcan,-2.0177679011383396,DOWN
Q91XA2,Golm1,0.6619782500771894,UP
Q6PGB6,Naa50,-0.7795181812667125,DOWN
O89112,Lancl1,-1.3032143838861625,DOWN
Q8VE62,Paip1,-1.0890553103814737,DOWN
Q80UG5,2018-09-09 00:00:00,-1.0299737001051752,DOWN
Q9JLT4,Txnrd2,-1.5244102473068604,DOWN
P23780,Glb1,-2.148417681412832,DOWN
Q9R0E1,Plod3,-0.7807655249381285,DOWN
O55057,Pde6d,-2.8478015569911532,DOWN
P63073,Eif4e,-0.9977379721279764,DOWN
Q9JHJ0,Tmod3,-0.6977471700920749,DOWN
Q9JHI5,Ivd,1.4316047409529042,UP
Q9R0N0,Galk1,-1.6359624564593473,DOWN
Q9CYZ2,Tpd52l2,0.8172244932645436,UP
Q9WU84,Ccs,-0.6532979001511806,DOWN
P97346,Nxn,-1.8501139870895824,DOWN
Q9QYJ0,Dnaja2,-1.8623978434381319,DOWN
Q9DBB8,Dhdh,-1.199461128257643,DOWN
Q91VH6,Memo1,-3.940526071446443,DOWN
Q9JMG1,Edf1,-0.7207826697983833,DOWN
Q91WK2,Eif3h,-1.391674519573029,DOWN
Q99JT9,Adi1,1.563132593710093,UP
Q9CQM5,Txndc17,1.942337265548184,UP
Q62048,Pea15,-2.174889168051722,DOWN
Q8R081,Hnrnpl,-0.6011312558022254,DOWN
Q9CQR6,Ppp6c,-0.5942181057355533,DOWN
O08547,Sec22b,0.7380516871295464,UP
Q91VW3,Sh3bgrl3,0.6836306948688575,UP
P16254,Srp14,-1.201914140750756,DOWN
Q8BGC4,Zadh2,-2.339979938972136,DOWN
P62313,Lsm6,1.2210326636700548,UP
Q9Z0P5,Twf2,-1.667876387916759,DOWN
P62077,Timm8b,-1.611714165583885,DOWN
Q9R0Q6,Arpc1a,-1.4056780775919122,DOWN
O54754,Aox1,-0.6349756938213516,DOWN
O35955,Psmb10,1.122928715291706,UP
Q61838,A2m,-2.448793270867606,DOWN
P04117,Fabp4,0.7791676621462484,UP
Q8R0F8,Fahd1,-1.943520433046268,DOWN
P61957,Sumo2,-0.7595574043183965,DOWN
O88545,Cops6,-0.9507335047141574,DOWN
Q6ZWM4,Lsm8,0.9375262912481319,UP
Q91X96,Rabif,-1.405507353049334,DOWN
Q9D7I5,Lhpp,0.5900249308290672,UP
Q8JZM7,Cdc73,0.5892567066601324,UP
Q9JMG7,Hdgfrp3,-2.3849200623081765,DOWN
P62858,Rps28,1.6089385977910657,UP
P62320,Snrpd3,-0.7418145246969481,DOWN
P62309,Snrpg,1.4356533225030812,UP
P49443,Ppm1a,2.8564138603349956,UP
P61967,Ap1s1,1.5896494490279982,UP
Q03173,Enah,-1.3167521812459928,DOWN
Q3TIV5,Zc3h15,3.4798592961570907,UP
Q99K70;Q7TT45,Rragc;Rragd,-0.9337095533333847,DOWN
Q8BH69,Sephs1,1.5173724450652446,UP
Q99PL5,Rrbp1,0.5936524691583267,UP
Q9CZL5,Pcbd2,1.6337017446333153,UP
Q9DAU1,Cnpy3,0.8750100367584897,UP
Q64520,Guk1,1.0126303348809722,UP
Q9ET26,Rnf114,-1.8390294437235668,DOWN
Q9CPT3,Nanp,-0.777498610071384,DOWN
Q61845,Meig1,-1.0027784552095507,DOWN
Q99MR6,Srrt,2.549619447701204,UP
P61164;Q8R5C5,Actr1a;Actr1b,0.9869503799431181,UP
P60487,Pdxp,-0.6779012434500034,DOWN
Q9DCB8,Isca2,-1.4035365678782379,DOWN
Q91WM2,Cecr5,2.6818866191643718,UP
Q9DAS9,Gng12,1.2694363809702658,UP
Q9Z0H6,Cst9,-1.5072539645089817,DOWN
P09056,Lif,1.4991255748923995,UP
O09114,Ptgds,0.880973789250011,UP
P49935,Ctsh,1.1538874924524487,UP
P47931,Fst,-0.7479626573472861,DOWN
Q8R2G6,Ccdc80,-1.1890803836876445,DOWN
Q9JHE3,Asah2,-0.9085507668404047,DOWN
O35657,Neu1,-1.2988855933363634,DOWN
Q9WTZ2,Mbtps1,-1.2016387938958584,DOWN
Q8BK62,Olfml3,-2.64167886117142,DOWN
Q64685,St6gal1,-0.629431307893371,DOWN
A2AX52,Col6a4,0.7787524974106927,UP
Q9Z1G3,Atp6v1c1,-1.4120368257783573,DOWN
Q6PHU5,Sort1,-1.756038596952107,DOWN
Q9Z0Z4,Heph,1.4441531581025253,UP
Q99KN2,Ciao1,-2.085343597098782,DOWN
Q9DB34,Chmp2a,-1.7643445981584869,DOWN
P09055,Itgb1,-0.8355880835228321,DOWN
O55091,Impact,-0.8115760298368343,DOWN
P85094,Isoc2a,-2.4069821536642335,DOWN
P17439,Gba,1.1002452169499146,UP
P61750,Arf4,-0.9776496633158639,DOWN
Q9WTL7,Lypla2,-0.7183388529465967,DOWN
P62748;P84075,Hpcal1;Hpca,0.59476047087505,UP
P35278,Rab5c,1.3995020310301245,UP
P28667,Marcksl1,-1.6515376790705136,DOWN
P70677,Casp3,-1.0341917334752928,DOWN
P11438,Lamp1,-1.0073463254498896,DOWN
Q9Z130,Hnrnpdl,-1.8414807597273282,DOWN
P35980,Rpl18,-1.5168985174032215,DOWN
P62254,Ube2g1,-1.1465104126229249,DOWN
P61924,Copz1,0.7366439431703542,UP
Q9CWW6,Pin4,-2.0875747438783847,DOWN
Q9CQ89,Cuta,-0.7555324357361668,DOWN
Q9CQT1,Mri1,-1.3643909355750723,DOWN
P60229,Eif3e,-1.3851427640908534,DOWN
Q9D142,Nudt14,-1.5967838882989271,DOWN
P62500,Tsc22d1,1.1575914974007777,UP
Q99K48,Nono,0.9472111262989923,UP
P34884,Mif,-0.9836730469706714,DOWN
Q9CQ62,Decr1,-1.1166956100304086,DOWN
Q60865,Caprin1,-1.5759562379797267,DOWN
Q99KP6,Prpf19,1.0934486838512232,UP
P62852,Rps25,-1.60228958721022,DOWN
P11103,Parp1,-1.4310570014771695,DOWN
Q3UPL0,Sec31a,-2.071014998174164,DOWN
P56959,Fus,-0.895463650304492,DOWN
P61458,Pcbd1,-1.6327777390744558,DOWN
Q9D2G2,Dlst,-1.0507665802062944,DOWN
Q3UFY7,Nt5c3b,-2.226353334084065,DOWN
Q5M8N0,Cnrip1,-1.571786784617352,DOWN
P61971,Nutf2,0.8617649448367086,UP
Q61599,Arhgdib,1.624998986680145,UP
P57784,Snrpa1,-0.8773785427005384,DOWN
P62315,Snrpd1,-0.9865948704510032,DOWN
Q8CCS6,Pabpn1,-0.6653726199300626,DOWN
P43275,Hist1h1a,-0.8283286765333908,DOWN
Q9D3D9,Atp5d,-0.7881840927065521,DOWN
P09602,Hmgn2,-0.6076925221637215,DOWN
P07758;Q00896;Q00897;P22599,Serpina1a;Serpina1c;Serpina1d;Serpina1b,0.9833129504947594,UP
Q4KML4,Abracl,1.4623191071515254,UP
Q61142,Spin1,1.1429774081149324,UP
Q80UW8,Polr2e,-1.2193037131147588,DOWN
Q80W22,Thnsl2,1.4591230858178337,UP
Q91YN9,Bag2,0.7079031849094746,UP
Q99L45,Eif2s2,2.685688325738035,UP
Q9D0A3,Arpin,0.8714887185633827,UP
Q9D967,Mdp1,0.6390761914168435,UP
Q9WVK4,Ehd1,2.1236180206271484,UP
Q9Z0E6,Gbp2,-0.6397085324711365,DOWN
Q9Z0H3,Smarcb1,0.9531493411221142,UP
O89051,Itm2b,2.8540732142794076,UP
P23927,Cryab,2.788147119971317,UP
Q91VR8,Brk1,1.6782446843038896,UP
Q9D1K2,Atp6v1f,1.4924076031644211,UP
Q8CG76,Akr7a2,1.178008489403949,UP
Q8K0G5,Tssc1,0.9463601620318618,UP
Q569Z5,Ddx46,2.487156819381078,UP
O09174,Amacr,3.6865809798631393,UP
Q80W65,Pcsk9,0.7104859121059539,UP
Q61477,Nbl1,1.2256194416160966,UP
P21570,Ang,0.9177326926011881,UP
Q8K135,Kiaa0319l,3.3542013569915063,UP
Q61072,Adam9,1.6409290462563204,UP
Q8BME9,Cbln4,-1.3441797243359794,DOWN
Q8BNA6,Fat3,-1.2882571762389425,DOWN
P21614,Gc,1.3411925820398245,UP
Q03146,Ddr1,-0.7237620939095459,DOWN
Q9Z0J7,Gdf15,1.4184829256636333,UP
Q99LJ1,Fuca1,1.338216370464751,UP
P35762,Cd81,-1.128518868011386,DOWN
Q8K479,C1qtnf5,0.7383485321921555,UP
Q9ES89,Extl2,-0.6647525657431173,DOWN
Q9D1C8,Vps28,-0.988194280081069,DOWN
Q8R0F3,Sumf1,-1.094000544257896,DOWN
P35282,Rab21,0.7769960812081781,UP
Q8R2Y2,Mcam,0.6193618641667694,UP
P02802,Mt1,-1.9646692619945152,DOWN
Q8CFI2,Cdc34,-0.7324550413142608,DOWN
P70460,Vasp,-1.2285976235855667,DOWN
P12815,Pdcd6,-0.8448614864492696,DOWN
Q62422,Ostf1,0.8502262063049941,UP
O70400,Pdlim1,1.5690844439597236,UP
P82343,Renbp,1.342503409832762,UP
Q91YN5,Uap1,-0.7386323884362116,DOWN
O88952,Lin7c,0.8721306289819784,UP
P62242,Rps8,-1.512913220751737,DOWN
Q9D820,Prorsd1,0.9845416194871421,UP
Q8R0Y6,Aldh1l1,0.947714581236292,UP
Q9CR41,Hypk,-1.1684735297547628,DOWN
Q9QUH0,Glrx,1.0595518977468414,UP
P52795,Efnb1,-1.985992278910421,DOWN
P67984,Rpl22,-1.820774741318806,DOWN
Q8C1B7,2018-09-11 00:00:00,1.3308469719187086,UP
Q9R0Y5,Ak1,0.9039707260933788,UP
Q9CQ65,Mtap,-0.8934670842051661,DOWN
P61358,Rpl27,-0.8821756409242089,DOWN
Q3U0V1,Khsrp,3.0635599851785633,UP
O54984,Asna1,-1.0721421515707932,DOWN
P62301,Rps13,-1.00064656528211,DOWN
P53612,Rabggtb,-1.2260196586539438,DOWN
P50295,Nat2,-2.3313314781000516,DOWN
Q9D9A7,Ptges3l,-0.8973134431758691,DOWN
Q3UL36,Arglu1,4.80414485742363,UP
Q91XE4,Acy3,0.5910526804460363,UP
O08583;Q9JJW6,Alyref;Alyref2,-1.2399724701614154,DOWN
P12787,Cox5a,-0.6863263559694065,DOWN
Q91WE2,Fam192a,-1.8912609019305264,DOWN
Q8VCX1,Akr1d1,0.79626654916319,UP
O70423,Aoc3,1.0025533984265547,UP
O08912,Galnt1,1.1934582716192335,UP
O70274;Q63739,Ptp4a2;Ptp4a1,1.2935306722320203,UP
P55002,Mfap2,1.1250834153752722,UP
P57716,Ncstn,-0.9003044796222011,DOWN
Q4QY64,Atad5,-1.4170924496510806,DOWN
Q61753,Phgdh,1.5640612267525458,UP
Q6PEB6,Mob4,2.0314412635714976,UP
Q80WB5,Wdyhv1,-0.7372772915140937,DOWN
Q8BG73,Sh3bgrl2,1.0949115747723537,UP
Q8BRH0,Tmtc3,-1.2751629250693806,DOWN
Q91W39,Ncoa5,1.0471049659937859,UP
Q9CQ10,Chmp3,0.8148094481581067,UP
Q9CR57,Rpl14,0.7129568208095293,UP
Q9CX86,Hnrnpa0,3.77839238463629,UP
Q9D880,Timm50,2.7276559524896413,UP
Q9DAI2,Ift22,1.488395529656052,UP
Q9WV98,Timm9,1.4625886091766416,UP
Q9Z0Y1,Dctn3,1.23563151345172,UP
P12850,Cxcl1,3.303868623867206,UP
Q91YQ5,Rpn1,-2.066207185700511,DOWN
P17125,Tgfb3,1.806509824257048,UP
Q9CXF4,Tbc1d15,0.7291707513134005,UP
Q8BGL1,Ppm1n,-1.9650880532064892,DOWN
Q9CT10,Ranbp3,1.331586340625239,UP
Q8K5B2,Mcfd2,-0.9578759680813671,DOWN
Q03366,Ccl7,0.7854910164327873,UP
P55292,Dsc2,0.7113673815090014,UP
P97857,Adamts1,1.2439598190147196,UP
O88452,Stc2,-1.845453564373394,DOWN
Q9Z126,Pf4,-0.6093274354864472,DOWN
Q9Z0F8,Adam17,1.3334074682692911,UP
Q9WVJ9,Efemp2,1.9292583100622758,UP
P97464,Ext1,-1.4161623641726417,DOWN
P50228,Cxcl5,0.7323455824170593,UP
Q9R0M4,Podxl,-1.6258705518570546,DOWN
Q9JME7,Trappc2l,-1.006846588094746,DOWN
Q64695,Procr,-0.6033814191291249,DOWN
Q6PDJ1,Cachd1,-0.9394288081223889,DOWN
Q8BLX7,Col16a1,4.396480833038986,UP
Q62470,Itga3,0.6558303346285299,UP
Q921V5,Mgat2,1.4140309416645036,UP
O35127,Grcc10,1.3423247384107504,UP
O08759,Ube3a,2.1787103503704803,UP
P81117,Nucb2,0.9621321185118111,UP
O08573,Lgals9,-0.827962908528275,DOWN
Q9JHH9,Copz2,-0.8161246080351724,DOWN
P35293,Rab18,-2.586349670886298,DOWN
Q8CAQ8,Immt,0.8018701440755837,UP
Q62266,Sprr1a,-1.303611103559467,DOWN
P63254,Crip1,-0.6275127913003445,DOWN
Q9Z0U1,Tjp2,-1.3085900522261609,DOWN
Q9R111,Gda,1.4685043761696772,UP
Q8VE47,Uba5,-1.5754263387489045,DOWN
Q921F2,Tardbp,0.8202903289720966,UP
Q9D3R6;Q3UMC0,Katnal2;Spata5,1.3526144062602827,UP
Q6P8J2,Sat2,-1.4427149582532914,DOWN
P97352,S100a13,0.6882027581024222,UP
P29595,Nedd8,2.7086945783767455,UP
Q9D0E1,Hnrnpm,1.495650264705147,UP
Q91UZ5,Impa2,-0.8895509895385838,DOWN
