Gene names,UniProt Accession Number,log2FC,fold_change,p_value,adj_p_value,n_imputed
Nudt16l1,Q8VHN8,-3.651738,0.07956413135197464,0.0440151388108498,0.998030532995944,1
Snrpf,P62307,-3.333462,0.09920371787611793,0.167859444433868,0.998030532995944,1
Uap1l1,Q3TW96,-3.081781,0.11811130796980421,0.133327447848465,0.998030532995944,1
Ethe1,Q9DCM0,-2.963762,0.12817954864765563,0.100876021956834,0.998030532995944,1
Atox1,O08997,-2.910226,0.13302543257239022,0.276197771017489,0.998030532995944,1
Mgarp,Q8VI64,-2.698501,0.1540530338984725,0.237037356207441,0.998030532995944,1
Pddc1,Q8BFQ8,-2.650529,0.1592616704567155,0.172910056801637,0.998030532995944,1
Dtymk,P97930,-2.600175,0.1649184828965155,0.194667308097304,0.998030532995944,1
Fbln5,Q9WVH9,-2.447455,0.18333383871553458,0.130131353511151,0.998030532995944,1
Adamts4,Q8BNJ2,-2.312416,0.20132301305663933,0.339903696489462,0.998030532995944,1
Sulf1,Q8K007,-2.244465,0.21103219238146967,0.198781193216669,0.998030532995944,2
Gyg1,Q9R062,-2.237398,0.21206846348222042,0.495143351537676,0.998030532995944,1
Ogn,Q62000,-2.224247,0.2140104278409098,0.379854967191701,0.998030532995944,1
Arl1,P61211,-2.128138,0.22875290978347745,0.221120704172917,0.998030532995944,1
Prss23,Q9D6X6,-2.115121,0.23082621728892688,0.367550256555871,0.998030532995944,1
Dnm1l,Q8K1M6,-2.098466,0.23350640043299614,0.497175676769434,0.998030532995944,1
Xrcc4,Q924T3,-2.064902,0.2390025639144625,0.291781436368523,0.998030532995944,2
Bid,P70444,-2.045853,0.2421792223287707,0.197875923557608,0.998030532995944,1
Eif3j1;Eif3j2,Q3UGC7;Q66JS6,-2.008892,0.24846387261399938,0.201703960566039,0.998030532995944,1
Rheb,Q921J2,-1.958647,0.2572696182486323,0.270012200566558,0.998030532995944,1
As3mt,Q91WU5,-1.8697,0.27363031922488784,0.396054932049408,0.998030532995944,2
Adrm1,Q9JKV1,-1.858923,0.2756820041662823,0.455042943701254,0.998030532995944,1
Celsr3,Q91ZI0,-1.846228,0.27811857349294117,0.382158754115004,0.998030532995944,1
Pofut2,Q8VHI3,-1.842196,0.2788969379485762,0.294856549011455,0.998030532995944,1
Atp6v1d,P57746,-1.778608,0.29146448366720024,0.354101378873714,0.998030532995944,1
Cdkn2aipnl,Q9D211,-1.776991,0.2917913457380766,0.210139044071641,0.998030532995944,1
Nmi,O35309,-1.749419,0.2974215317923704,0.397392016243914,0.998030532995944,1
Piwil2,Q8CDG1,-1.748023,0.29770946610443666,0.244223587681054,0.998030532995944,2
Coprs,Q9CQ13,-1.686426,0.3106956612477627,0.377484343437142,0.998030532995944,1
Pnkp,Q9JLV6,-1.625576,0.3240804728012365,0.273763773446501,0.998030532995944,1
Wfdc2,Q9DAU7,-1.6186,0.3256513245955966,0.666949802489577,0.998030532995944,1
Ap3d1,O54774,-1.592847,0.3315165960489199,0.388728195391147,0.998030532995944,1
Tmem132a,Q922P8,-1.56944,0.3369391559549277,0.46212100046899,0.998030532995944,1
Impdh2,P24547,-1.525835,0.34727849966373525,0.312025068781145,0.998030532995944,1
Triap1,Q9D8Z2,-1.517972,0.3491764099091201,0.3205975816463,0.998030532995944,1
Rock2;Rock1,P70336;P70335,-1.507982,0.3516026867743118,0.440811109337941,0.998030532995944,2
Mmp14,P53690,-1.500759,0.35336743553019906,0.41747198583338,0.998030532995944,1
Sf3b5,Q923D4,-1.452214,0.36546014809758165,0.364754720569892,0.998030532995944,1
Atp6v1h,Q8BVE3,-1.444032,0.36753868173801624,0.568728191151172,0.998030532995944,1
Dtd1,Q9DD18,-1.441413,0.36820649996955485,0.435593020260671,0.998030532995944,1
Fntb,Q8K2I1,-1.436462,0.36947227128941157,0.431014981528745,0.998030532995944,1
Csde1,Q91W50,-1.421764,0.37325564901025304,0.481099666486972,0.998030532995944,1
Tubb2b,Q9CWF2,-1.417122,0.37445856656936166,0.556308276992143,0.998030532995944,2
Itih5,Q8BJD1,-1.413872,0.37530307085546555,0.547743946891424,0.998030532995944,1
Hnrnpul2,Q00PI9,-1.385901,0.3826504496297021,0.515473646080821,0.998030532995944,1
H2afv;H2afz,Q3THW5;P0C0S6,-1.37455,0.38567298525659566,0.563300235034912,0.998030532995944,2
Armc10,Q9D0L7,-1.354968,0.3909434928722835,0.347140143743254,0.998030532995944,1
Rmdn1,Q9DCV4,-1.346863,0.3931459778971805,0.391308506041038,0.998030532995944,1
Hnrnpul1,Q8VDM6,-1.298714,0.40648837529895,0.399977209930803,0.998030532995944,2
Pik3ip1,Q7TMJ8,-1.286309,0.4099986316702927,0.496538920204337,0.998030532995944,1
Rps9,Q6ZWN5,-1.251871,0.41990329086041056,0.584541329542548,0.998030532995944,2
Arl2bp,Q9D385,-1.196343,0.4363800341052829,0.538790358672748,0.998030532995944,1
Cmpk2,Q3U5Q7,-1.174549,0.4430222308105509,0.581100462460381,0.998030532995944,1
Ren2;Ren1,P00796;P06281,-1.147966,0.4512609984757188,0.56186776656284,0.998030532995944,2
Ifitm3;Ifitm2,Q9CQW9;Q99J93,-1.115989,0.4613747641202745,0.522880336452123,0.998030532995944,2
Colec12,Q8K4Q8,-1.110531,0.4631235417871773,0.624721210161063,0.998030532995944,1
Aldh16a1,Q571I9,-1.085843,0.4711169030392905,0.506182230722314,0.998030532995944,1
Rpl8,P62918,-1.070409,0.4761839830601677,0.44365676360646,0.998030532995944,1
Shisa5,Q9D7I0,-1.008176,0.49717442838747655,0.656609904919265,0.998030532995944,1
Csnk2b,P67871,-1.000958,0.4996680927117357,0.60539309995408,0.998030532995944,1
Igf2,P09535,-0.988211,0.5041024950215138,0.540761537073726,0.998030532995944,1
Epb41l3,Q9WV92,-0.98507,0.5052012101330856,0.612926917396631,0.998030532995944,2
Egfr,Q01279,-0.9803,0.5068743273821595,0.777247550402345,0.998030532995944,1
Sgta,Q8BJU0,-0.959632,0.5141880547458225,0.631655471055845,0.998030532995944,1
Ssu72,Q9CY97,-0.955731,0.515580283777998,0.586526884569535,0.998030532995944,2
Dnajb4,Q9D832,-0.951437,0.5171171295053821,0.58942429796603,0.998030532995944,2
Prpf40a,Q9R1C7,-0.950497,0.5174541712781648,0.54718451426463,0.998030532995944,2
Mcm2,P97310,-0.940337,0.5211111395386788,0.606850171809654,0.998030532995944,2
Rpl24,Q8BP67,-0.93846,0.5217895657799418,0.512996805871883,0.998030532995944,2
Hic2,Q9JLZ6,-0.924714,0.5267849375223485,0.752076240504206,0.998030532995944,2
Tprkb,Q8QZZ7,-0.913663,0.5308355881970855,0.625601471868345,0.998030532995944,2
Rbp4,Q00724,-0.893438,0.5383297272056526,0.544208348469495,0.998030532995944,1
Layn,Q8C351,-0.871178,0.5467002725930696,0.552298704167846,0.998030532995944,1
Pdcd10,Q8VE70,-0.855485,0.5526794976319839,0.592809800498762,0.998030532995944,1
Bag5,Q8CI32,-0.837144,0.559750571046381,0.678397431600874,0.998030532995944,2
Myof,Q69ZN7,-0.829673,0.562656759182855,0.619375918296656,0.998030532995944,2
Ldhd,Q7TNG8,-0.808556,0.5709530415213575,0.761842829950901,0.998030532995944,2
Cdh16,O88338,-0.798589,0.5749111833951207,0.762817315264027,0.998030532995944,2
Dpep3,Q9DA79,-0.742226,0.5978162423832922,0.809068282016166,0.998030532995944,1
Anpep,P97449,-0.736892,0.6000306077339548,0.68865903274136,0.998030532995944,1
Ca2,P00920,-0.736376,0.6002452554319221,0.84422378386068,0.998030532995944,1
Lama4,P97927,-0.728046,0.6037210459294836,0.723333758327127,0.998030532995944,1
Thbs2,Q03350,-0.71686,0.6084202179186271,0.836509211929365,0.998030532995944,2
,Q9DCS2,-0.716497,0.608573323266812,0.660460474267633,0.998030532995944,2
Dynlt1,P51807,-0.714575,0.6093846225224525,0.607929749106063,0.998030532995944,1
Gstk1,Q9DCM2,-0.705012,0.6134373861769454,0.648664294007826,0.998030532995944,2
S100a14,Q9D2Q8,-0.694882,0.6177598439194684,0.674493087589578,0.998030532995944,2
Ppil3,Q9D6L8,-0.68319,0.622786682645282,0.753454548341772,0.998030532995944,1
Cpsf7,Q8BTV2,-0.652996,0.6359582666200603,0.727847756727684,0.998030532995944,1
Tnpo2,Q99LG2,-0.652645,0.6361130106939914,0.749691514926374,0.998030532995944,2
Snx6,Q6P8X1,-0.651127,0.6367826794127949,0.64888583639704,0.998030532995944,1
Slmap,Q3URD3,-0.637203,0.642958265414137,0.771330530019514,0.998030532995944,2
L3hypdh,Q9CXA2,-0.625461,0.6482126138189113,0.688100361111234,0.998030532995944,2
Wdr54,Q9R0D8,-0.592281,0.6632933651768733,0.84347842262638,0.998030532995944,2
Col7a1,Q63870,-0.590409,0.6641545943906776,0.886079294866023,0.998030532995944,1
Htra2,Q9JIY5,-0.587958,0.665283888123781,0.776135572354318,0.998030532995944,2
