Gene names,UniProt Accession Number,log2FC,fold_change,p_value,adj_p_value
Hist1h2ba,P70696,-6.833555270006145,0.008767885842883905,0.001009333959804,0.391217842820048
Arglu1,Q3UL36,-4.804144857423629,0.03579384016089585,0.0017035911429697,0.412694954384432
Abhd14b,Q8VCR7,-4.576399201098807,0.04191471990536894,0.0001583546204124,0.116075908668444
Col16a1,Q8BLX7,-4.396480833038986,0.04748182399983419,0.0072553314757733,0.99160661699478
Hnrnpa0,Q9CX86,-3.7783923846362906,0.07287701180420891,0.0909618285075805,0.998030532995944
Amacr,O09174,-3.6865809798631393,0.07766557172866902,0.0538228533284807,0.998030532995944
Zc3h15,Q3TIV5,-3.4798592961570907,0.08963094414375398,0.089553859622775,0.998030532995944
Kiaa0319l,Q8K135,-3.3542013569915063,0.09778782351502191,0.0860405971086013,0.998030532995944
Cxcl1,P12850,-3.303868623867206,0.1012596547917154,0.0557493403360171,0.998030532995944
Khsrp,Q3U0V1,-3.0635599851785633,0.11961249541572744,0.0240943204278631,0.998030532995944
Ppm1a,P49443,-2.856413860334995,0.1380809441726541,0.0457708849697141,0.998030532995944
Itm2b,O89051,-2.8540732142794076,0.13830515021114462,0.0574992512973636,0.998030532995944
Cryab,P23927,-2.788147119971317,0.14477183679865085,0.0887361117103436,0.998030532995944
Timm50,Q9D880,-2.7276559524896413,0.15097107255458658,0.288887271342203,0.998030532995944
Nedd8,P29595,-2.7086945783767455,0.15296838544797134,0.0807557342373423,0.998030532995944
Eif2s2,Q99L45,-2.685688325738035,0.15542728289584826,0.157135708036634,0.998030532995944
Cecr5,Q91WM2,-2.6818866191643718,0.15583739600278537,0.125654494893855,0.998030532995944
Srrt,Q99MR6,-2.549619447701204,0.17080007958475218,0.182167572820011,0.998030532995944
Col12a1,Q60847,-2.492430893297398,0.17770659232882505,0.0107335101985307,0.998030532995944
Ddx46,Q569Z5,-2.487156819381078,0.1783574249030022,0.224983709422228,0.998030532995944
Tcp1,P11983,-2.319721851086117,0.20030608431441577,0.0076404389811626,0.99160661699478
Qsox2,Q3TMX7,-2.3102376588445317,0.20162722250149137,0.0511762618474426,0.998030532995944
Plxnb2,B2RXS4,-2.3004644411240562,0.20299773830774961,0.144658756156304,0.998030532995944
Ube3a,O08759,-2.1787103503704803,0.22087310307317176,0.118024731417466,0.998030532995944
Ehd1,Q9WVK4,-2.123618020627148,0.22947071902156474,0.34314146041949,0.998030532995944
Hmbs,P22907,-2.05371174568956,0.24086359388496023,0.181131252063107,0.998030532995944
Mob4,Q6PEB6,-2.0314412635714976,0.24461058441621558,0.0721206384782167,0.998030532995944
Col18a1,P39061,-2.031338359311053,0.24462803257283006,0.0810977200349935,0.998030532995944
Ppif,Q99KR7,-1.975505990775822,0.25428072450282635,0.0501997970505741,0.998030532995944
Txndc17,Q9CQM5,-1.942337265548184,0.26019456541352176,0.0543124438384343,0.998030532995944
Efemp2,Q9WVJ9,-1.9292583100622758,0.26256412050426114,0.0831359677338647,0.998030532995944
Ppp2ca,P63330,-1.8999953622536125,0.26794422697714176,0.0181031494418273,0.998030532995944
Tgfb3,P17125,-1.806509824257048,0.28588169964534205,0.204728721538731,0.998030532995944
Rap1b;Rap1a,Q99JI6;P62835,-1.8016659497282235,0.28684316575661345,0.0485253857801675,0.998030532995944
Prosc,Q9Z2Y8,-1.6954383269984308,0.30876083573054586,0.0534470016172051,0.998030532995944
Ybx2,Q9Z2C8,-1.692124885489719,0.30947078251326193,0.0922462466817479,0.998030532995944
Brk1,Q91VR8,-1.6782446843038898,0.31246257680057354,0.268079080801897,0.998030532995944
Myl9,Q9CQ19,-1.6695647221619307,0.31434817181618596,0.133839753537976,0.998030532995944
Adam9,Q61072,-1.6409290462563204,0.32064992031071765,0.0366386036433954,0.998030532995944
Ddah2,Q99LD8,-1.6381172079278126,0.3212754821335903,0.0513225505614776,0.998030532995944
Pcbd2,Q9CZL5,-1.6337017446333155,0.3222602731696917,0.500178020937694,0.998030532995944
Mad2l1,Q9Z1B5,-1.6297218964899778,0.32315049429850207,0.0801842785393367,0.998030532995944
Arhgdib,Q61599,-1.624998986680145,0.3242101163813093,0.158751034591868,0.998030532995944
Rps28,P62858,-1.6089385977910657,0.32783945635603284,0.115140591896092,0.998030532995944
Ap1s1,P61967,-1.5896494490279982,0.33225217548588115,0.328129094389836,0.998030532995944
Stat1,P42225,-1.5817087249605857,0.3340859635664476,0.387123047325054,0.998030532995944
Pdlim1,O70400,-1.5690844439597236,0.3370222057419789,0.301286077039339,0.998030532995944
Phgdh,Q61753,-1.5640612267525458,0.3381977046345818,0.292313058983148,0.998030532995944
Adi1,Q99JT9,-1.563132593710093,0.3384154655983804,0.189730046652512,0.998030532995944
Sephs1,Q8BH69,-1.5173724450652444,0.34932155073282956,0.110244823482078,0.998030532995944
Fxr1,Q61584,-1.5112326618621028,0.35081135198197,0.471930751424733,0.998030532995944
Canx,P35564,-1.5056244841929938,0.35217771233388145,0.116156562294317,0.998030532995944
Lif,P09056,-1.4991255748923995,0.35376774613086975,0.353268118902207,0.998030532995944
Hnrnpm,Q9D0E1,-1.495650264705147,0.3546209650177918,0.475566387551265,0.998030532995944
Atp6v1f,Q9D1K2,-1.4924076031644211,0.35541892231315797,0.394126197470079,0.998030532995944
Ift22,Q9DAI2,-1.488395529656052,0.35640870284053855,0.280041910511042,0.998030532995944
Tgfb1,P04202,-1.4830693728942523,0.35772692806885437,0.169588626552134,0.998030532995944
Neo1,P97798,-1.4705213068165204,0.3608518842519932,0.0215246451115312,0.998030532995944
Gda,Q9R111,-1.4685043761696772,0.3613567187410074,0.220543339149246,0.998030532995944
Timm9,Q9WV98,-1.4625886091766416,0.36284150305529983,0.337019107138688,0.998030532995944
Abracl,Q4KML4,-1.4623191071515254,0.36290928983708737,0.216954757712706,0.998030532995944
Thnsl2,Q80W22,-1.4591230858178337,0.36371413873575037,0.208445957322474,0.998030532995944
Atp6v1b2,P62814,-1.454926474887817,0.36477367581135145,0.267885016114549,0.998030532995944
Heph,Q9Z0Z4,-1.4441531581025253,0.3675078169895845,0.160669831767805,0.998030532995944
Snrpg,P62309,-1.4356533225030814,0.3696794305696166,0.331290857064962,0.998030532995944
Ivd,Q9JHI5,-1.4316047409529042,0.3707183052315601,0.113664762673299,0.998030532995944
Gdf15,Q9Z0J7,-1.4184829256636333,0.3741054982000248,0.581140757516972,0.998030532995944
Mgat2,Q921V5,-1.4140309416645036,0.3752617260061976,0.16614079142474,0.998030532995944
Rab5c,P35278,-1.3995020310301245,0.3790599575784634,0.112398217789121,0.998030532995944
Ccl2,P10148,-1.3574081492185677,0.39028281675554566,0.0431713223723155,0.998030532995944
Katnal2;Spata5,Q9D3R6;Q3UMC0,-1.3526144062602827,0.391581793467499,0.27506345571619,0.998030532995944
Renbp,P82343,-1.3425034098327622,0.39433579802459606,0.167863408704925,0.998030532995944
Grcc10,O35127,-1.3423247384107504,0.3943846377993455,0.36468357272164,0.998030532995944
Gc,P21614,-1.3411925820398245,0.394694253006379,0.6200326649824,0.998030532995944
Fuca1,Q99LJ1,-1.338216370464751,0.395509329008839,0.301401450615687,0.998030532995944
Adam17,Q9Z0F8,-1.3334074682692911,0.39682987080097376,0.329694642890243,0.998030532995944
Prss35,Q8C0F9,-1.332578844615964,0.3970578587381516,0.168458545453176,0.998030532995944
Ranbp3,Q9CT10,-1.3315863406252388,0.3973311092060021,0.477212915284582,0.998030532995944
2018-09-11 00:00:00,Q8C1B7,-1.3308469719187084,0.39753479014422816,0.426752697473706,0.998030532995944
Macf1,Q9QXZ0,-1.3093831938542522,0.4034933512541997,0.44743673218947,0.998030532995944
Nqo2,Q9JI75,-1.305816271233116,0.404492183416018,0.0794524583032388,0.998030532995944
Lztfl1,Q9JHQ5,-1.301763014145541,0.4056302035983887,0.414107389939033,0.998030532995944
Ptp4a2;Ptp4a1,O70274;Q63739,-1.2935306722320203,0.4079514370806091,0.365694430672317,0.998030532995944
Gng12,Q9DAS9,-1.2694363809702658,0.4148218000786439,0.282199860544777,0.998030532995944
Ppp1ca,P62137,-1.2616091148841564,0.41707851023880593,0.203473105851537,0.998030532995944
Adamts1,P97857,-1.2439598190147196,0.4222122027223378,0.588395955914155,0.998030532995944
Dctn3,Q9Z0Y1,-1.23563151345172,0.424656573206542,0.299625735027423,0.998030532995944
Nbl1,Q61477,-1.2256194416160966,0.4276138713276482,0.177660648915693,0.998030532995944
Lsm6,P62313,-1.2210326636700548,0.428975552784385,0.279477320711683,0.998030532995944
G6pdx,Q00612,-1.208304553583681,0.4327769137115097,0.299710696719965,0.998030532995944
Plaa,P27612,-1.2047814320893095,0.433835064493151,0.213184448147247,0.998030532995944
Akr1b7,P21300,-1.197629439925491,0.43599109086404375,0.143620883257846,0.998030532995944
Galnt1,O08912,-1.1934582716192332,0.4372534669666374,0.174479952262687,0.998030532995944
Ppm1l,Q8BHN0,-1.192625067126237,0.43750606835993583,0.34551958580661,0.998030532995944
Erh,P84089,-1.1822855480323857,0.4406528533065804,0.21308518610262,0.998030532995944
Akr7a2,Q8CG76,-1.1780084894039489,0.4419611648450717,0.436381744257697,0.998030532995944
Cyct,P00015,-1.1610974953464188,0.4471722305859388,0.282677605287105,0.998030532995944
Tsc22d1,P62500,-1.1575914974007777,0.4482602577956812,0.248981854776245,0.998030532995944
Ctsh,P49935,-1.1538874924524487,0.44941260906194264,0.58088581503744,0.998030532995944
Spin1,Q61142,-1.1429774081149324,0.45282408245276135,0.391825465665747,0.998030532995944
Rps21,Q9CQR2,-1.1262874580078348,0.45809303788175937,0.327180835420997,0.998030532995944
Mfap2,P55002,-1.1250834153752725,0.4584755121797246,0.373012289078126,0.998030532995944
Psmb10,O35955,-1.122928715291706,0.45916076808835454,0.30677465576415,0.998030532995944
Gba,P17439,-1.1002452169499146,0.46643720802753624,0.241501030044063,0.998030532995944
Sh3bgrl2,Q8BG73,-1.094911574772354,0.4681648174541399,0.566071340344048,0.998030532995944
Prpf19,Q99KP6,-1.0934486838512232,0.4686397767419514,0.196820990452274,0.998030532995944
Lsm2,O35900,-1.0793754477109905,0.4732336450211018,0.667646217388166,0.998030532995944
Glrx,Q9QUH0,-1.0595518977468414,0.4797810569086213,0.42489185394926,0.998030532995944
Ncoa5,Q91W39,-1.0471049659937859,0.48393830232368773,0.478117198305604,0.998030532995944
Guk1,Q64520,-1.0126303348809722,0.49564176480947014,0.371974895618643,0.998030532995944
Nid2,O88322,-1.0122757727963132,0.4957635905376393,0.225378610728553,0.998030532995944
Bola1,Q9D8S9,-1.007246677633678,0.4974947900348138,0.502426641056427,0.998030532995944
Psmd6,Q99JI4,-1.0071602255400491,0.49752460281826755,0.169801401093286,0.998030532995944
Aoc3,O70423,-1.0025533984265547,0.4991158421977065,0.321723586975082,0.998030532995944
Actr1a;Actr1b,P61164;Q8R5C5,-0.9869503799431181,0.50454316988298,0.278904489695732,0.998030532995944
Prorsd1,Q9D820,-0.9845416194871424,0.5053862716709784,0.483780599562527,0.998030532995944
Serpina1a;Serpina1c;Serpina1d;Serpina1b,P07758;Q00896;Q00897;P22599,-0.9833129504947595,0.5058168664364986,0.412713619589741,0.998030532995944
Ankfy1,Q810B6,-0.980165524612894,0.5069215759664365,0.396998100781602,0.998030532995944
Nucb2,P81117,-0.962132118511811,0.5132977641436001,0.490894915879082,0.998030532995944
Fbp1,Q9QXD6,-0.9559049752468112,0.5155181134672788,0.68587080731358,0.998030532995944
Smarcb1,Q9Z0H3,-0.9531493411221142,0.5165037249964954,0.564524618224557,0.998030532995944
Aldh1l1,Q8R0Y6,-0.9477145812362922,0.5184531096819471,0.411853527551427,0.998030532995944
Nono,Q99K48,-0.9472111262989922,0.5186340649907278,0.474675722872899,0.998030532995944
Tssc1,Q8K0G5,-0.946360162031862,0.5189400681518879,0.440842678650514,0.998030532995944
Cct6a,P80317,-0.9423347496255263,0.5203900383368842,0.0978482381546136,0.998030532995944
Lsm8,Q6ZWM4,-0.9375262912481317,0.5221273760319858,0.419401392324605,0.998030532995944
Adk,P55264,-0.9356632634321077,0.5228020620478177,0.317097031003648,0.998030532995944
Hsph1,Q61699,-0.9268075254551309,0.5260210630678337,0.432580496043568,0.998030532995944
Ppih,Q9D868,-0.9205787748559014,0.5282970375856928,0.549037104870677,0.998030532995944
Ang,P21570,-0.9177326926011881,0.5293402663003476,0.467721123023635,0.998030532995944
S100a6,P14069,-0.9048032311604135,0.5341055455869766,0.389622158000321,0.998030532995944
Sh3bgrl,Q9JJU8,-0.9043905611504549,0.5342583435523363,0.120758882512342,0.998030532995944
Ak1,Q9R0Y5,-0.9039707260933787,0.5344138393539519,0.406997512291966,0.998030532995944
Prcp,Q7TMR0,-0.9031633176424089,0.5347130093121812,0.269516933767216,0.998030532995944
Ptgds,O09114,-0.880973789250011,0.5430007932596927,0.455646019634333,0.998030532995944
Cnpy3,Q9DAU1,-0.8750100367584897,0.5452500730414753,0.522444776609856,0.998030532995944
Lin7c,O88952,-0.8721306289819784,0.5463393989495696,0.521942566102041,0.998030532995944
Arpin,Q9D0A3,-0.8714887185633827,0.546582540413334,0.482930427119646,0.998030532995944
Faim,Q9WUD8,-0.8714578100458816,0.5465942506060699,0.463444569832212,0.998030532995944
Actb,P60710,-0.8704846462368683,0.5469630778164601,0.420273163107678,0.998030532995944
Ruvbl1,P60122,-0.8653137289794295,0.5489270240465582,0.555262074344876,0.998030532995944
Nutf2,P61971,-0.8617649448367086,0.550278953132025,0.6318973685981,0.998030532995944
Ostf1,Q62422,-0.8502262063049941,0.5546977557895522,0.43696542213965,0.998030532995944
Rac1;Rac3,P63001;P60764,-0.842396292137497,0.5577164416718953,0.452657195296216,0.998030532995944
Bax,Q07813,-0.8423750069032672,0.5577246701694855,0.26965572586491,0.998030532995944
Ppp5c,Q60676,-0.8268138436945435,0.5637729470992119,0.367514970324049,0.998030532995944
Stmn2,P55821,-0.8264051534635717,0.5639326767218013,0.229104450511237,0.998030532995944
Tardbp,Q921F2,-0.8202903289720966,0.566327962939132,0.563110079677577,0.998030532995944
Tpd52l2,Q9CYZ2,-0.8172244932645435,0.5675327322077035,0.559513481576941,0.998030532995944
Chmp3,Q9CQ10,-0.814809448158107,0.5684835672374176,0.453964580772612,0.998030532995944
Taldo1,Q93092,-0.8110963234713544,0.569948581694095,0.0871055226771852,0.998030532995944
Immt,Q8CAQ8,-0.8018701440755837,0.5736051395682426,0.547746448284102,0.998030532995944
Akr1d1,Q8VCX1,-0.7962665491631898,0.5758374208902544,0.288636164995844,0.998030532995944
Ppp1cc,P63087,-0.7947667594625092,0.5764363583447554,0.278701225054694,0.998030532995944
,Q8BHG2,-0.7898531135965376,0.5784029784157976,0.268827034767644,0.998030532995944
Ykt6,Q9CQW1,-0.7874893367726775,0.5793514368095161,0.306887956678762,0.998030532995944
Ccl7,Q03366,-0.7854910164327873,0.5801544699528967,0.538029202061826,0.998030532995944
Fabp4,P04117,-0.7791676621462482,0.5827028765831218,0.571850619246724,0.998030532995944
Col6a4,A2AX52,-0.7787524974106927,0.5828705852744974,0.616951222756918,0.998030532995944
Rab21,P35282,-0.776996081208178,0.5835806360868724,0.547620574953135,0.998030532995944
Psma8,Q9CWH6,-0.7714119588881795,0.5858438313333415,0.464879306336348,0.998030532995944
Aplp2,Q06335,-0.7531791197385135,0.5932947329517049,0.224962529703247,0.998030532995944
C1qtnf5,Q8K479,-0.7383485321921555,0.5994251278182453,0.527536138975499,0.998030532995944
Sec22b,O08547,-0.7380516871295464,0.5995484766145368,0.552210046253813,0.998030532995944
Copz1,P61924,-0.7366439431703542,0.6001337858018566,0.406553649886919,0.998030532995944
Cxcl5,P50228,-0.7323455824170593,0.6019244886675353,0.832375607803744,0.998030532995944
Sod1,P08228,-0.7302943537140916,0.6027809156384506,0.112524558776289,0.998030532995944
Tbc1d15,Q9CXF4,-0.7291707513134005,0.6032505574378451,0.64165071863893,0.998030532995944
Ube2l3,P68037,-0.7279485538217717,0.6037618253692489,0.170082280639899,0.998030532995944
Rpl14,Q9CR57,-0.712956820809529,0.6100685139292833,0.66601191891119,0.998030532995944
Dsc2,P55292,-0.7113673815090014,0.6107410061672257,0.669230633540044,0.998030532995944
Pcsk9,Q80W65,-0.7104859121059539,0.611114275632299,0.823516457801283,0.998030532995944
Bag2,Q91YN9,-0.7079031849094745,0.612209278415206,0.543452016839817,0.998030532995944
S100a13,P97352,-0.6882027581024222,0.620626516033836,0.622426215646263,0.998030532995944
Dpysl3,Q62188,-0.6847210537317896,0.6221261036129,0.353019182957798,0.998030532995944
Sh3bgrl3,Q91VW3,-0.6836306948688575,0.6225964712888007,0.21724314244157,0.998030532995944
Psmd5,Q8BJY1,-0.6698425195092599,0.6285752970093281,0.193745852758106,0.998030532995944
Hint1,P70349,-0.663505297999769,0.6313424670938802,0.332680394692,0.998030532995944
Golm1,Q91XA2,-0.6619782500771895,0.6320110772889109,0.358796270564047,0.998030532995944
Pfdn1,Q9CWM4,-0.6605015958922621,0.6326582962461458,0.470558274005774,0.998030532995944
Mov10,P23249,-0.660274792593811,0.6327577630521708,0.641594088665842,0.998030532995944
Cox5b,P19536,-0.6575349843951088,0.6339605689571128,0.515382903589792,0.998030532995944
Itga3,Q62470,-0.6558303346285299,0.6347100824776186,0.738799831286,0.998030532995944
Gm2a,Q60648,-0.6551565127602098,0.6350065979663576,0.251270320230213,0.998030532995944
Tpi1,P17751,-0.6436276296969152,0.6401014005270705,0.351707546792548,0.998030532995944
Mdp1,Q9D967,-0.6390761914168435,0.6421239918331622,0.524787628102191,0.998030532995944
Ywhae,P62259,-0.6389613709349938,0.6421750989057522,0.118327670066759,0.998030532995944
Fga,E9PV24,-0.6371467122799463,0.6429833513538781,0.298439388862731,0.998030532995944
Psmb7,P70195,-0.6361079959138995,0.6434464553357954,0.515121064263817,0.998030532995944
Cct7,P80313,-0.6296468464817314,0.6463346105023967,0.193185465866493,0.998030532995944
Htra1,Q9R118,-0.6291420018917853,0.6465608229866028,0.226530033204425,0.998030532995944
Arf1;Arf3;Arf2,P84078;P61205;Q8BSL7,-0.6213100217300268,0.650080362047149,0.312961329919534,0.998030532995944
Psmb4,P99026,-0.6205146079332459,0.6504388754158565,0.236564832352871,0.998030532995944
Mcam,Q8R2Y2,-0.6193618641667694,0.6509587974828246,0.551185008602338,0.998030532995944
Ywhah,P68510,-0.6146119598117092,0.6531055350404797,0.21451179965064,0.998030532995944
Cgn,P59242,-0.6084612960094544,0.6558958736632025,0.480954790839802,0.998030532995944
Psma6,Q9QUM9,-0.6024676220981903,0.6586264600524989,0.149881421597861,0.998030532995944
Tpm3,P21107,-0.598225976874503,0.660565726858528,0.227715014120773,0.998030532995944
Hpcal1;Hpca,P62748;P84075,-0.5947604708750499,0.662154382860587,0.609274888007423,0.998030532995944
Cct5,P80316,-0.5940568331067225,0.6624774105670982,0.34511044330098,0.998030532995944
Rrbp1,Q99PL5,-0.5936524691583267,0.6626631182314727,0.644714408439741,0.998030532995944
Tceb1,P83940,-0.5926783383110842,0.6631107100984206,0.485191312234097,0.998030532995944
Acy3,Q91XE4,-0.5910526804460364,0.6638583377605161,0.548520933537416,0.998030532995944
Lhpp,Q9D7I5,-0.5900249308290673,0.6643314268144698,0.539530002243267,0.998030532995944
Cdc73,Q8JZM7,-0.5892567066601324,0.6646852724631486,0.584236937290144,0.998030532995944
Me2,Q99KE1,-0.58593970623114,0.6662152547358573,0.662026559190064,0.998030532995944
