accession,gene,detected_in,Intensity 31578,Intensity 31580,Intensity 31579,Intensity 31581
A1A547,Pglyrp3,control_only,,,0.0,132400000.0
A2A9R3,Mageb4,treated_only,2013600.0,7700900.0,,
A2ADY9,Ddi2,treated_only,18604000.0,15715000.0,,
A2AG50,Map7d2,treated_only,80496000.0,68971000.0,,
A2AIV2,Kiaa1429,treated_only,0.0,58744000.0,,
A2AJB7,Lcn5,control_only,,,0.0,32850000.0
A2AN08,Ubr4,treated_only,53236000.0,6889800.0,,
A2RSQ1,Glb1l3,treated_only,37686000.0,0.0,,
A2RSX7,Tyw5,control_only,,,34380000.0,57686000.0
A6H584,Col6a5,treated_only,0.0,57791000.0,,
A6H6E9,Ttc23l,treated_only,23112000.0,0.0,,
A6X935,Itih4,control_only,,,5748300.0,0.0
B0V2N1,Ptprs,treated_only,0.0,6841300.0,,
B1AY13,Usp24,treated_only,3531300.0,0.0,,
B1AYB6,Mbd5,treated_only,0.0,69899000.0,,
B1AZI6,Thoc2,control_only,,,0.0,14473000.0
B2RY56,Rbm25,treated_only,20796000.0,14776000.0,,
D3YXK2,Safb,treated_only,36940000.0,2421400.0,,
E9PVA8,Gcn1l1,treated_only,37505000.0,339300000.0,,
E9Q394,Akap13,treated_only,60463000.0,0.0,,
E9Q401,Ryr2,control_only,,,0.0,621410000.0
E9Q7X6,Heg1,treated_only,36745000.0,58375000.0,,
F8VQB6,Myo10,treated_only,14498000.0,0.0,,
O08528,Hk2,treated_only,50756000.0,25999000.0,,
O08542,Efna4,control_only,,,47584000.0,162120000.0
O08543,Efna5,control_only,,,0.0,67324000.0
O08665,Sema3a,treated_only,0.0,134080000.0,,
O08738,Casp6,control_only,,,18577000.0,3137000.0
O08788,Dctn1,control_only,,,5387900.0,13962000.0
O09161,Casq2,treated_only,470580000.0,1021600000.0,,
O35286,Dhx15,control_only,,,0.0,49394000.0
O35375,Nrp2,treated_only,0.0,13785000.0,,
O35674,Adam19,treated_only,0.0,22911000.0,,
O35691,Pnn,control_only,,,11682000.0,0.0
O54819,Tfpi,control_only,,,0.0,31554000.0
O54879,Hmgb3,treated_only,9884700.0,90688000.0,,
O54931,Akap2,treated_only,5562600.0,42274000.0,,
O54941,Smarce1,control_only,,,8452300.0,11847000.0
O54962,Banf1,control_only,,,35413000.0,19051000.0
O55022,Pgrmc1,control_only,,,17411000.0,18821000.0
O55128,Sap18,treated_only,35310000.0,15622000.0,,
O55229,Chkb,treated_only,10294000.0,29081000.0,,
O70311,Nmt2,control_only,,,5173700.0,0.0
O70370,Ctss,treated_only,21963000.0,34018000.0,,
O70405,Ulk1,treated_only,169840000.0,249380000.0,,
O70514,Fgfbp1,control_only,,,0.0,10293000.0
O70555;O70562;O70558;O70554;O70559,Sprr2d;Sprr2k;Sprr2g;Sprr2b;Sprr2h,treated_only,219870000.0,46947000.0,,
O70562;O70558;O70555;O70554;O70559,Sprr2k;Sprr2g;Sprr2d;Sprr2b;Sprr2h,control_only,,,21795000.0,9746700.0
O70624,Myoc,treated_only,0.0,163980000.0,,
O88487,Dync1i2,treated_only,57516000.0,33284000.0,,
O88487;O88485,Dync1i2;Dync1i1,control_only,,,25821000.0,69324000.0
O88572,Lrp6,treated_only,0.0,8315600.0,,
O88630,Gosr1,control_only,,,0.0,9191300.0
O88696,Clpp,control_only,,,37392000.0,0.0
O88735,Map7,treated_only,9667000.0,0.0,,
O88792,F11r,control_only,,,15281000.0,30326000.0
O88796,Rpp30,control_only,,,0.0,23439000.0
O88978,Lrrc6,treated_only,91530000.0,11694000.0,,
O88986,Gcat,treated_only,48412000.0,8028400.0,,
O89106,Fhit,treated_only,11651000.0,0.0,,
P01132,Egf,control_only,,,87500000.0,5212300.0
P01216,Cga,treated_only,1316800000.0,877340000.0,,
P01898,H2-Q10,control_only,,,21512000.0,27120000.0
P01899,H2-D1,treated_only,888380000.0,711320000.0,,
P01899;P01897,H2-D1;H2-L,control_only,,,560060000.0,604630000.0
P02088;P02089,Hbb-b1;Hbb-b2,control_only,,,16470000.0,100590000.0
P02089;P02088,Hbb-b2;Hbb-b1,treated_only,18881000.0,21483000.0,,
P02816,Pip,treated_only,0.0,3426400.0,,
P04768;P04095,Prl2c3;Prl2c2,control_only,,,0.0,34403000.0
P05213;P68368,Tuba1b;Tuba4a,treated_only,500300000.0,0.0,,
P07310,Ckm,treated_only,0.0,6306300.0,,
P08030,Aprt,treated_only,22597000.0,0.0,,
P08752;P20612;Q9DC51;Q3V3I2;P50149;P18872;B2RSH2;Q8CGK7;P63094;Q6R0H7,Gnai2;Gnat1;Gnai3;Gnat3;Gnat2;Gnao1;Gnai1;Gnal;Gnas,treated_only,90587000.0,75718000.0,,
P0C028;P0C027,Nudt11;Nudt10,treated_only,0.0,0.0,,
P0DOV1,,control_only,,,0.0,41355000.0
P10107,Anxa1,control_only,,,3208500.0,107990000.0
P10107;A2BH40,Anxa1;Arid1a,treated_only,0.0,39479000.0,,
P10287,Cdh3,control_only,,,0.0,33465000.0
P10711,Tcea1,treated_only,22811000.0,73862000.0,,
P10889,Cxcl2,control_only,,,0.0,44021000.0
P11440;Q80YP0,Cdk1;Cdk3,treated_only,71480000.0,86849000.0,,
P11679,Krt8,control_only,,,7048500.0,216930000.0
P11798;Q6PHZ2;Q923T9;P28652,Camk2a;Camk2d;Camk2g;Camk2b,treated_only,0.0,2298900.0,,
P12656,Tshb,treated_only,5301600.0,0.0,,
P14430,H2-Q8,treated_only,0.0,36792000.0,,
P16332,Mut,treated_only,54887000.0,0.0,,
P16381;Q62095;Q62167,D1Pas1;Ddx3y;Ddx3x,control_only,,,7900700.0,126930000.0
P17225,Ptbp1,control_only,,,88708000.0,65699000.0
P17225;Q8BHD7,Ptbp1;Ptbp3,treated_only,37009000.0,123530000.0,,
P17426,Ap2a1,treated_only,142760000.0,102940000.0,,
P17426;P17427,Ap2a1;Ap2a2,control_only,,,150540000.0,118380000.0
P18155,Mthfd2,control_only,,,88531000.0,34022000.0
P18572,Bsg,treated_only,33966000.0,37148000.0,,
P19157,Gstp1,treated_only,2020800000.0,3792100000.0,,
P19157;P46425,Gstp1;Gstp2,control_only,,,2416700000.0,4724600000.0
P20033,Pdgfa,treated_only,121830000.0,89823000.0,,
P20918,Plg,treated_only,47492000.0,20518000.0,,
P21126,Ubl4a,treated_only,32546000.0,17199000.0,,
P22005,Penk,control_only,,,1972600.0,23627000.0
P25118,Tnfrsf1a,treated_only,29690000.0,33591000.0,,
P25206,Mcm3,treated_only,13201000.0,2719700.0,,
P27659,Rpl3,control_only,,,76840000.0,41990000.0
P28481,Col2a1,control_only,,,54388000.0,18241000.0
P28660,Nckap1,treated_only,57445000.0,11926000.0,,
P28665,Mug1,control_only,,,12181000.0,0.0
P28665;P28666,Mug1;Mug2,treated_only,12079000.0,0.0,,
P28843,Dpp4,treated_only,0.0,17837000.0,,
P29621,Serpina3c,treated_only,0.0,134640000.0,,
P29788,Vtn,treated_only,0.0,2682800.0,,
P31750,Akt1,treated_only,0.0,40637000.0,,
P31938,Map2k1,treated_only,3889500.0,0.0,,
P33435,Mmp13,treated_only,0.0,40343000.0,,
P35123,Usp4,treated_only,22431000.0,0.0,,
P35230,Reg3b,treated_only,10161000.0,29221000.0,,
P35235,Ptpn11,control_only,,,0.0,10896000.0
P35455,Avp,treated_only,66987000.0,258960000.0,,
P35486,Pdha1,control_only,,,0.0,0.0
P36552,Cpox,treated_only,133860000.0,13149000.0,,
P38060,Hmgcl,control_only,,,47300000.0,0.0
P39447,Tjp1,treated_only,6451900.0,17931000.0,,
P40201,Chd1,treated_only,0.0,31919000.0,,
P41105,Rpl28,control_only,,,0.0,7810000.0
P42567,Eps15,treated_only,59579000.0,0.0,,
P43406,Itgav,treated_only,6262700.0,6645100.0,,
P46061,Rangap1,treated_only,97484000.0,133280000.0,,
P46412,Gpx3,control_only,,,0.0,29700000.0
P46414,Cdkn1b,control_only,,,7914900.0,0.0
P46662,Nf2,control_only,,,183780000.0,0.0
P46737,Brcc3,treated_only,22277000.0,13681000.0,,
P47867,Scg3,treated_only,10899000.0,0.0,,
P47911,Rpl6,control_only,,,14905000.0,0.0
P48441,Idua,treated_only,85174000.0,34085000.0,,
P50518,Atp6v1e1,control_only,,,122720000.0,76116000.0
P50518;Q9D593,Atp6v1e1;Atp6v1e2,treated_only,61988000.0,114910000.0,,
P51125,Cast,control_only,,,0.0,22158000.0
P51410,Rpl9,treated_only,43112000.0,53880000.0,,
P51670,Ccl9,treated_only,301610.0,1783800.0,,
P52194,Clgn,treated_only,23496000.0,0.0,,
P52196,Tst,treated_only,92685000.0,89481000.0,,
P52293,Kpna2,control_only,,,63218000.0,18272000.0
P52432,Polr1c,control_only,,,0.0,0.0
P54103,Dnajc2,treated_only,5392600.0,7571100.0,,
P54116,Stom,treated_only,0.0,9038200.0,,
P55097,Ctsk,treated_only,33218000.0,29155000.0,,
P55144,Tyro3,control_only,,,127020000.0,290380000.0
P55849,Dsc1,treated_only,2720700.0,79762000.0,,
P56212,Arpp19,treated_only,82168000.0,13700000.0,,
P56542,Dnase2,control_only,,,14270000.0,11824000.0
P59326;Q8BYK6;Q91YT7,Ythdf1;Ythdf3;Ythdf2,treated_only,0.0,10182000.0,,
P59481,Lman2l,treated_only,0.0,20788000.0,,
P59708,Sf3b6,treated_only,0.0,14683000.0,,
P60605,Ube2g2,control_only,,,5190100.0,24295000.0
P60762,Morf4l1,control_only,,,21774000.0,0.0
P61025,Cks1b,control_only,,,0.0,3483900.0
P61027,Rab10,control_only,,,11223000.0,54352000.0
P61027;Q9DD03;Q8K386,Rab10;Rab13;Rab15,treated_only,0.0,23931000.0,,
P61079,Ube2d3,control_only,,,146890000.0,720910000.0
P61079;Q6ZWY6,Ube2d3;Ube2d2b,treated_only,547620000.0,683110000.0,,
P61255,Rpl26,control_only,,,0.0,6952300.0
P62204,Calm1,treated_only,10589000000.0,5751100000.0,,
P62204;Q9D6P8,Calm1;Calml3,control_only,,,4763000000.0,10628000000.0
P62267,Rps23,treated_only,0.0,19516000.0,,
P62331,Arf6,control_only,,,0.0,4095700.0
P62700,Ypel5,treated_only,0.0,4630100.0,,
P62810,Wfdc18,control_only,,,56575000.0,44149000.0
P62827,Ran,treated_only,3280600000.0,3007500000.0,,
P62827;Q61820,Ran;Rasl2-9,control_only,,,2689500000.0,2718000000.0
P62830,Rpl23,treated_only,34097000.0,26256000.0,,
P62838,Ube2d2,treated_only,156640000.0,127510000.0,,
P62843,Rps15,control_only,,,5319400.0,33254000.0
P62849,Rps24,control_only,,,0.0,8920500.0
P62900,Rpl31,treated_only,0.0,40370000.0,,
P62915,Gtf2b,control_only,,,1519500.0,1810400.0
P62996;Q6PFR5,Tra2b;Tra2a,treated_only,1374200.0,6472300.0,,
P63054,Pcp4,control_only,,,9406200.0,0.0
P63094;Q6R0H7;P20612;Q9DC51;Q3V3I2;P50149;P18872;B2RSH2;P08752;Q8CGK7,Gnas;Gnat1;Gnai3;Gnat3;Gnat2;Gnao1;Gnai1;Gnai2;Gnal,control_only,,,66220000.0,86748000.0
P63147,Ube2b,control_only,,,0.0,0.0
P63328,Ppp3ca,control_only,,,107190000.0,320160000.0
P63328;P48453,Ppp3ca;Ppp3cb,treated_only,232190000.0,155030000.0,,
P68033;P62737;P63268;P68134,Actc1;Acta2;Actg2;Acta1,control_only,,,4402100000.0,4382200000.0
P68033;P68134;P62737;P63268,Actc1;Acta1;Acta2;Actg2,treated_only,5362400000.0,7136700000.0,,
P68373,Tuba1c,control_only,,,16591000000.0,11024000000.0
P70399,Tp53bp1,treated_only,0.0,13968000.0,,
P70445,Eif4ebp2,treated_only,16106000.0,7366700.0,,
P70452,Stx4,treated_only,3746500.0,0.0,,
P84084,Arf5,control_only,,,13531000.0,0.0
P84099,Rpl19,treated_only,2147100.0,3659500.0,,
P84228;P68433;P84244;P02301,Hist1h3b;Hist1h3a;H3f3a;H3f3c,control_only,,,290830000.0,1929100000.0
P84244;P84228;P68433;P02301,H3f3a;Hist1h3b;Hist1h3a;H3f3c,treated_only,2820100000.0,2904000000.0,,
P97299,Sfrp2,treated_only,0.0,46668000.0,,
P97314,Csrp2,treated_only,0.0,5767400.0,,
P97425,Ear2,control_only,,,0.0,9350100.0
P97429,Anxa4,control_only,,,0.0,5783700.0
P97447,Fhl1,treated_only,25937000.0,23732000.0,,
P97496,Smarcc1,treated_only,0.0,28887000.0,,
P97499,Tep1,treated_only,3537300.0,0.0,,
P97765,Wbp2,control_only,,,0.0,39769000.0
P97825,Hn1,treated_only,25816000.0,0.0,,
P98064,Masp1,treated_only,24686000.0,0.0,,
Q02248,Ctnnb1,treated_only,0.0,37742000.0,,
Q04690,Nf1,control_only,,,0.0,112480000.0
Q05D44,Eif5b,treated_only,0.0,9044900.0,,
Q06185,Atp5i,control_only,,,4394100.0,5488700.0
Q07456,Ambp,treated_only,9606100.0,0.0,,
Q08024,Cbfb,treated_only,73816000.0,40407000.0,,
Q08189,Tgm3,treated_only,6372000.0,0.0,,
Q09TK9,Spink8,treated_only,0.0,0.0,,
Q149M0,Clec12b,treated_only,68415000.0,0.0,,
Q3TA59,Jmjd8,control_only,,,0.0,37516000.0
Q3TCH7;A2A432,Cul4a;Cul4b,control_only,,,0.0,6757500.0
Q3TLI0,Trappc10,control_only,,,0.0,112890000.0
Q3TNH5,Fam172a,treated_only,6688800.0,0.0,,
Q3TVA9,Ccdc136,control_only,,,0.0,19154000.0
Q3TXU5,Dhps,control_only,,,0.0,19409000.0
Q3UBZ5,Mif4gd,treated_only,13536000.0,0.0,,
Q3UE37,Ube2z,treated_only,33384000.0,49911000.0,,
Q3UGS4,Fam195b,treated_only,4973100.0,0.0,,
Q3UHD6,Snx27,control_only,,,6964400.0,0.0
Q3UJP5,,treated_only,2254100.0,0.0,,
Q3UMB9,Kiaa1033,treated_only,0.0,191180000.0,,
Q3UMU9,Hdgfrp2,control_only,,,6990600.0,0.0
Q3UMW8,Cln5,control_only,,,0.0,43548000.0
Q3UNA4;Q9QZV9,Nxt2;Nxt1,control_only,,,62678000.0,71762000.0
Q3UPI1,Fam198b,control_only,,,117520000.0,37679000.0
Q3URU2,Peg3,treated_only,83074000.0,0.0,,
Q3UZ39,Lrrfip1,treated_only,12945000.0,0.0,,
Q4PZA2,Ece1,control_only,,,20080000.0,0.0
Q4VA55,Mum1l1,control_only,,,5988300.0,2668700.0
Q501J6;Q61656,Ddx17;Ddx5,control_only,,,70018000.0,10632000.0
Q505B8,Syce2,control_only,,,14518000.0,0.0
Q505F5,Lrrc47,control_only,,,0.0,56484000.0
Q571F8,Gls2,control_only,,,0.0,7726000.0
Q59J78,Ndufaf2,control_only,,,2327400.0,0.0
Q5DTT2,Psd,treated_only,27225000.0,0.0,,
Q5EBG8,,treated_only,12666000.0,0.0,,
Q5F226,Fat2,treated_only,0.0,9272700.0,,
Q5HZI1,Mtus1,treated_only,0.0,171920000.0,,
Q5IR70,Cage1,control_only,,,0.0,0.0
Q5PSV9,Mdc1,treated_only,12426000.0,0.0,,
Q5SGK3,Aox2,control_only,,,5136400.0,0.0
Q5XG69,Fam169a,treated_only,12902000.0,0.0,,
Q60716,P4ha2,control_only,,,36865000.0,0.0
Q60899,Elavl2,control_only,,,10187000.0,0.0
Q61024,Asns,treated_only,60055000.0,0.0,,
Q61074,Ppm1g,treated_only,1310100.0,27578000.0,,
Q61160,Fadd,control_only,,,115170000.0,113020000.0
Q61189,Clns1a,control_only,,,14579000.0,55511000.0
Q61335,Bcap31,control_only,,,0.0,8144500.0
Q61521,Ereg,control_only,,,21778000.0,34134000.0
Q61656,Ddx5,treated_only,40599000.0,41609000.0,,
Q61712,Dnajc1,treated_only,11736000.0,0.0,,
Q61824,Adam12,treated_only,0.0,108670000.0,,
Q61879,Myh10,treated_only,0.0,1830600.0,,
Q61908,Cmc4,treated_only,6420900.0,5778200.0,,
Q62028,Pla2r1,treated_only,9873700.0,0.0,,
Q62095;P16381;Q62167,Ddx3y;D1Pas1;Ddx3x,treated_only,8922300.0,8252300.0,,
Q62186,Ssr4,control_only,,,0.0,3007100.0
Q62267,Sprr1b,control_only,,,0.0,22636000.0
Q62418,Dbnl,treated_only,17445000.0,7862800.0,,
Q62445,Sp4,treated_only,0.0,23834000.0,,
Q63844,Mapk3,control_only,,,2315500.0,16513000.0
Q63932,Map2k2,control_only,,,0.0,0.0
Q64012,Raly,treated_only,13727000.0,31958000.0,,
Q64152,Btf3,treated_only,33844000.0,8192200.0,,
Q64302,Tm4sf1,control_only,,,0.0,169320000.0
Q64337,Sqstm1,control_only,,,0.0,45274000.0
Q64339,Isg15,treated_only,0.0,57574000.0,,
Q64437,Adh7,control_only,,,21058000.0,24531000.0
Q64471,Gstt1,treated_only,20185000.0,38256000.0,,
Q64523;Q6GSS7;Q64522,Hist2h2ac;Hist2h2aa1;Hist2h2ab,control_only,,,0.0,116710000.0
Q68SA9,Adamts7,treated_only,2337100.0,14015000.0,,
Q69ZU8,Ankrd6,control_only,,,18667000.0,13757000.0
Q6A0A9,FAM120A,treated_only,13542000.0,3184600.0,,
Q6AZB0,Boc,treated_only,0.0,20137000.0,,
Q6GSS7;Q64523,Hist2h2aa1;Hist2h2ac,treated_only,1743000000.0,2046400000.0,,
Q6NT99,Dusp23,treated_only,2749300.0,0.0,,
Q6NV83,U2surp,control_only,,,9447600.0,8261100.0
Q6NVF9,Cpsf6,control_only,,,12183000.0,0.0
Q6NXN1,Szrd1,treated_only,5532200.0,0.0,,
Q6P2B1,Tnpo3,treated_only,85936000.0,14079000.0,,
Q6P2B1;Q8K368,Tnpo3;Fanci,control_only,,,18696000.0,7575800.0
Q6P542,Abcf1,control_only,,,198480000.0,1094200000.0
Q6P8I4,Pcnp,treated_only,52191000.0,78321000.0,,
Q6P8M1,Tatdn1,treated_only,63781000.0,50244000.0,,
Q6PB93,Galnt2,treated_only,139860000.0,284230000.0,,
Q6PCX7,Rgma,control_only,,,30297000.0,6840000.0
Q6PDQ2,Chd4,treated_only,17247000.0,29753000.0,,
Q6PE55,Pdgfrl,treated_only,0.0,142600000.0,,
Q6PFD6,Kif18b,treated_only,384260000.0,23616000.0,,
Q6PFD9,Nup98,treated_only,10819000.0,12080000.0,,
Q6Q899,Ddx58,treated_only,59059000.0,0.0,,
Q6URW6,Myh14,treated_only,98102000.0,20676000.0,,
Q6ZQ58,Larp1,treated_only,12490000.0,6422700.0,,
Q6ZQ73,Cand2,control_only,,,0.0,27876000.0
Q6ZWY8,Tmsb10,control_only,,,139120000.0,77362000.0
Q7TMY8,Huwe1,treated_only,24786000.0,2260000.0,,
Q7TNC4,Luc7l2,control_only,,,19995000.0,8018900.0
Q7TQ33,Rgmb,treated_only,39164000.0,19152000.0,,
Q7TSF0;Q61495;Q7TSF1,Dsg1c;Dsg1a;Dsg1b,treated_only,72049000.0,7722600.0,,
Q7TSK7,Adamtsl2,treated_only,0.0,16245000.0,,
Q7TSU7,Kirrel2,treated_only,296740000.0,146630000.0,,
Q7TT50,Cdc42bpb,control_only,,,0.0,2236800.0
Q80SY6,Adal,treated_only,15350000.0,0.0,,
Q80SZ7,Gng5,treated_only,5557600.0,9903500.0,,
Q80TL7,Mon2,treated_only,44644000.0,0.0,,
Q80TM9,Nisch,treated_only,0.0,4461400.0,,
Q80TV8,Clasp1,control_only,,,18956000.0,7510500.0
Q80V26,Impad1,control_only,,,27756000.0,0.0
Q80W47,Wipi2,treated_only,31963000.0,0.0,,
Q80X50,Ubap2l,control_only,,,10106000.0,0.0
Q80X71,Tmem106b,treated_only,14406000.0,28359000.0,,
Q80Y56,Rbsn,treated_only,0.0,0.0,,
Q80Y86,Mapk15,treated_only,97052000.0,87146000.0,,
Q8BFZ3,Actbl2,treated_only,46166000.0,51745000.0,,
Q8BG22,Clca2,control_only,,,0.0,121190000.0
Q8BH04,Pck2,control_only,,,0.0,19124000.0
Q8BH43,Wasf2,control_only,,,1627000.0,10781000.0
Q8BH64,Ehd2,treated_only,6457900.0,2630100.0,,
Q8BHC9,Fut11,treated_only,0.0,43036000.0,,
Q8BIW9,Chtf18,control_only,,,131400000.0,230930000.0
Q8BJ71,Nup93,treated_only,0.0,0.0,,
Q8BJR6,Prss27,treated_only,0.0,44492000.0,,
Q8BK30,Ndufv3,treated_only,13542000.0,0.0,,
Q8BK72,Mrps27,control_only,,,45301000.0,0.0
Q8BMB3,Eif4e2,treated_only,0.0,0.0,,
Q8BMF5,Grik4,treated_only,11198000.0,1168600000.0,,
Q8BPB0,Mob1b,treated_only,41175000.0,44136000.0,,
Q8BPB0;Q921Y0,Mob1b;Mob1a,control_only,,,524710000.0,635210000.0
Q8BR90,,treated_only,167230000.0,58062000.0,,
Q8BT51,COA4,treated_only,8313900.0,3247200.0,,
Q8BTG6,,treated_only,34048000.0,18438000.0,,
Q8BTU1,Cfap20,treated_only,39469000.0,2634600.0,,
Q8BTZ7,Gmppb,treated_only,36525000.0,0.0,,
Q8BU31;Q80ZJ1;P61226,Rap2c;Rap2a;Rap2b,treated_only,8590000.0,15495000.0,,
Q8BUY9,Pggt1b,treated_only,47638000.0,51425000.0,,
Q8BW94,Dnah3,control_only,,,444960000.0,0.0
Q8BWG8,Arrb1,treated_only,0.0,46905000.0,,
Q8BWU5,Osgep,control_only,,,67434000.0,19900000.0
Q8BWY4,Mblac1,treated_only,4102000.0,0.0,,
Q8BXK9,Clic5,treated_only,19606000.0,0.0,,
Q8BYB9,Poglut1,treated_only,20154000.0,9424900.0,,
Q8BYK8,Zc3h6,control_only,,,398270000.0,317590000.0
Q8BZ25,Ankk1,treated_only,448170000.0,687700000.0,,
Q8BZA9,Tigar,treated_only,0.0,0.0,,
Q8BZB2,Ppcdc,control_only,,,0.0,5091300.0
Q8BZF8,Pgm5,control_only,,,10268000.0,145020000.0
Q8BZM1,Glmn,treated_only,8324800.0,0.0,,
Q8C0N1,Kif2b,treated_only,0.0,0.0,,
Q8C5P7,Tdrp,control_only,,,5000200.0,0.0
Q8C6I2,Sdhaf2,treated_only,16787000.0,15068000.0,,
Q8CAK1,Iba57,control_only,,,17419000.0,14267000.0
Q8CAK3,,treated_only,54259000.0,21501000.0,,
Q8CC36,Cdnf,treated_only,7763600.0,0.0,,
Q8CC86,Naprt,control_only,,,0.0,60999000.0
Q8CDI6,Ccdc158,control_only,,,0.0,308200000.0
Q8CE96,Trmt6,control_only,,,2589000.0,0.0
Q8CF66,Lamtor4,treated_only,20006000.0,0.0,,
Q8CFE2,,treated_only,67348000.0,12290000.0,,
Q8CG70,Leprel2,control_only,,,32105000.0,46241000.0
Q8CGC7,Eprs,treated_only,7539700.0,9000000.0,,
Q8CGK3,Lonp1,treated_only,0.0,3929100.0,,
Q8CGP2;Q64475;P10853;Q8CGP1;Q9D2U9;Q8CGP0;Q64524,Hist1h2bp;Hist1h2bb;Hist1h2bf;Hist1h2bk;Hist3h2ba;Hist3h2bb;Hist2h2be,treated_only,28007000.0,4545300.0,,
Q8CGP2;Q8CGP1;Q64475;P10853,Hist1h2bp;Hist1h2bk;Hist1h2bb;Hist1h2bf,control_only,,,21660000.0,195650000.0
Q8CGP6;Q8CGP7;Q8CGP5;Q8BFU2;P22752,Hist1h2ah;Hist1h2ak;Hist1h2af;Hist3h2a;Hist1h2ab,control_only,,,484550000.0,2273800000.0
Q8CGR7,Upp2,control_only,,,47807000.0,10687000.0
Q8CHP5,Wibg,treated_only,11855000.0,2113300.0,,
Q8CI51,Pdlim5,treated_only,21705000.0,195030000.0,,
Q8CIF4,Btd,treated_only,189620000.0,113300000.0,,
Q8CIN4;Q61036,Pak2;Pak3,control_only,,,184940000.0,169280000.0
Q8CIN4;Q61036;O88643,Pak2;Pak3;Pak1,treated_only,126920000.0,118640000.0,,
Q8CIT9,Sbsn,treated_only,3104500.0,0.0,,
Q8CIV8,Tbce,control_only,,,2590900000.0,1546500000.0
Q8CJ69,Bmper,treated_only,44618000.0,23150000.0,,
Q8CJG1;Q8CJF9,Ago1;Ago3,treated_only,45170000.0,43136000.0,,
Q8CJG1;Q8CJF9;Q8CJF8,Ago1;Ago3;Ago4,control_only,,,25091000.0,0.0
Q8JZQ2,Afg3l2,treated_only,130030000.0,171330000.0,,
Q8K019,Bclaf1,control_only,,,6342600.0,0.0
Q8K0J2,B3gnt7,treated_only,0.0,43473000.0,,
Q8K1L5,Ppp1r11,treated_only,56289000.0,0.0,,
Q8K1S6,Spire2,treated_only,0.0,12628000.0,,
Q8K248,Hpdl,treated_only,7142100.0,0.0,,
Q8K2D6,Dctd,treated_only,3476000.0,0.0,,
Q8K2H2,Otud6b,treated_only,0.0,7112800.0,,
Q8K2Q7,Brox,treated_only,0.0,55672000.0,,
Q8K2U2,Alkbh6,treated_only,25375000.0,0.0,,
Q8K2V6,Ipo11,control_only,,,23675000.0,0.0
Q8K2Y7,Mrpl47,control_only,,,10753000.0,0.0
Q8K2Z8;Q7TSS2,Ube2q2;Ube2q1,treated_only,72499000.0,0.0,,
Q8K353,Cystm1,control_only,,,0.0,15151000.0
Q8K370,Acad10,treated_only,32105000.0,0.0,,
Q8K3H0,Appl1,treated_only,0.0,19682000.0,,
Q8K3I8,Defb19,control_only,,,1279500.0,0.0
Q8K441,Abca6,control_only,,,42849000.0,48266000.0
Q8QZT1,Acat1,treated_only,116200000.0,25193000.0,,
Q8R010,Aimp2,control_only,,,0.0,18423000.0
Q8R086,Suox,treated_only,0.0,21420000.0,,
Q8R0A0,Gtf2f2,treated_only,0.0,16939000.0,,
Q8R0A5;Q8CCT4,Tceal3;Tceal5,treated_only,63785000.0,7485000.0,,
Q8R1G6,Pdlim2,control_only,,,4363900.0,3285300.0
Q8R1M2,H2afj,treated_only,145100000.0,239260000.0,,
Q8R1N4,Nudcd3,treated_only,21607000.0,0.0,,
Q8R1Q3,Angptl7,treated_only,0.0,215370000.0,,
Q8R1Q9,Rbks,treated_only,45992000.0,0.0,,
Q8R2E9,Ero1lb,control_only,,,124690000.0,0.0
Q8R2K1,Fuom,treated_only,20620000.0,15239000.0,,
Q8R317,Ubqln1,treated_only,79125000.0,76732000.0,,
Q8R332,Nupl1,control_only,,,0.0,17674000.0
Q8R3N6,Thoc1,control_only,,,3625200.0,11933000.0
Q8R409,Hexim1,treated_only,5024300.0,3279800.0,,
Q8R422,Cd109,treated_only,0.0,35051000.0,,
Q8R429;O55143,Atp2a1;Atp2a2,treated_only,10546000.0,0.0,,
Q8R574,Prpsap2,control_only,,,0.0,27940000.0
Q8R574;Q9D0M1,Prpsap2;Prpsap1,treated_only,0.0,5624600.0,,
Q8VC03,Eml3,control_only,,,2403800000.0,3240400000.0
Q8VCD6,Reep2,treated_only,4313500.0,0.0,,
Q8VCI5,Pex19,control_only,,,27238000.0,3109200.0
Q8VCZ6,Sgsm3,treated_only,0.0,0.0,,
Q8VDC1,Fyco1,control_only,,,0.0,164040000.0
Q8VDL4,Adpgk,control_only,,,0.0,0.0
Q8VDP4,Ccar2,treated_only,14849000.0,0.0,,
Q8VE37,Rcc1,treated_only,2327600.0,0.0,,
Q8VE95,,treated_only,0.0,0.0,,
Q8VEA4,Chchd4,control_only,,,0.0,14597000.0
Q8VEF1;Q80TI0,Gramd1a;Gramd1b,control_only,,,214580000.0,23140000.0
Q8VI63,Mob2,treated_only,12714000.0,23764000.0,,
Q8WTY4,Ciapin1,treated_only,103070000.0,43232000.0,,
Q91VC7,Ppp1r14a,treated_only,22000000.0,0.0,,
Q91VR2,Atp5c1,control_only,,,14828000.0,11012000.0
Q91VR7,Map1lc3a,treated_only,43110000.0,8034400.0,,
Q91WM1,Strbp,control_only,,,0.0,0.0
Q91WN1,Dnajc9,control_only,,,8887700.0,0.0
Q91X91,Qprt,treated_only,0.0,12813000.0,,
Q91YD9,Wasl,treated_only,0.0,7055900.0,,
Q91YE7,Rbm5,control_only,,,18185000.0,0.0
Q91YS8;Q8BW96,Camk1;Camk1d,control_only,,,32926000.0,109290000.0
Q91YW3,Dnajc3,treated_only,93185000.0,219280000.0,,
Q91ZR2,Snx18,treated_only,14832000.0,0.0,,
Q91ZW3;Q6PGB8,Smarca5;Smarca1,treated_only,56843000.0,52747000.0,,
Q920R0,Als2,control_only,,,24419000.0,13935000.0
Q921C5,Bicd2,treated_only,469520000.0,196470000.0,,
Q921E2;P35285,Rab31;Rab22a,treated_only,7626000.0,0.0,,
Q921F4,Hnrnpll,control_only,,,18971000.0,103920000.0
Q921J4,Ube2s,treated_only,15480000.0,0.0,,
Q921M4,Golga2,control_only,,,0.0,7453600.0
Q921W0,Chmp1a,control_only,,,49103000.0,0.0
Q921W4,Cryzl1,treated_only,155240000.0,14798000.0,,
Q921Y0,Mob1a,treated_only,323620000.0,141820000.0,,
Q922F4,Tubb6,control_only,,,128470000.0,4900300.0
Q922Y1,Ubxn1,treated_only,64784000.0,19546000.0,,
Q99JP6;Q9QWW1;Q9Z2Y3,Homer3;Homer2;Homer1,treated_only,6004600.0,3687800.0,,
Q99KN9,Clint1,treated_only,2674700.0,4899100.0,,
Q99KW3,Triobp,treated_only,0.0,3943100.0,,
Q99L20,Gstt3,control_only,,,7283600.0,0.0
Q99LB2,Dhrs4,control_only,,,0.0,13968000.0
Q99LB6,Mat2b,treated_only,125190000.0,75566000.0,,
Q99LC5,Etfa,control_only,,,625040000.0,53559000.0
Q99LD9,Eif2b2,treated_only,11513000.0,0.0,,
Q99LF4,Rtcb,control_only,,,2436600.0,0.0
Q99M51,Nck1,control_only,,,0.0,0.0
Q99MN9,Pccb,treated_only,20344000.0,0.0,,
Q99MV1,Tdrd1,control_only,,,15143000.0,95071000.0
Q99MW1;O35136,Stk31;Ncam2,treated_only,8533900.0,0.0,,
Q99MZ7,Pecr,treated_only,16605000.0,9552700.0,,
Q99PU5,Acsbg1,treated_only,44244000.0,19826000.0,,
Q99PV0,Prpf8,treated_only,4934400.0,11309000.0,,
Q9CPR1,Rwdd4,treated_only,17959000.0,13356000.0,,
Q9CPR4,Rpl17,treated_only,33771000.0,26636000.0,,
Q9CPW2,Fdx1l,treated_only,0.0,0.0,,
Q9CPZ8,Cmc1,treated_only,0.0,4801000.0,,
Q9CQ02,Commd4,treated_only,14146000.0,6063200.0,,
Q9CQ18,Rnaseh2c,treated_only,12050000.0,0.0,,
Q9CQ48,Nudcd2,control_only,,,0.0,15674000.0
Q9CQ49,Ncbp2,treated_only,6291200.0,0.0,,
Q9CQ75,Ndufa2,treated_only,3957900.0,0.0,,
Q9CQD1,Rab5a,treated_only,0.0,13768000.0,,
Q9CQD4;Q99LU0,Chmp1b2;Chmp1b1,treated_only,0.0,41085000.0,,
Q9CQF4,,control_only,,,0.0,24894000.0
Q9CQF6,Aasdhppt,control_only,,,11306000.0,0.0
Q9CQH7,Btf3l4,treated_only,86133000.0,12659000.0,,
Q9CQK7,Rwdd1,treated_only,1340800000.0,0.0,,
Q9CQL0,Mettl21A,treated_only,32728000.0,18160000.0,,
Q9CQL7,Mrfap1,control_only,,,0.0,9701500.0
Q9CQW2,Arl8b,control_only,,,8377400.0,9860400.0
Q9CQX2,Cyb5b,treated_only,13127000.0,0.0,,
Q9CR21,Ndufab1,control_only,,,49373000.0,0.0
Q9CRB3,Urah,control_only,,,0.0,18353000.0
Q9CRC3,,treated_only,4551500.0,0.0,,
Q9CRC6,,control_only,,,0.0,3008900.0
Q9CRW3,,treated_only,9010700.0,0.0,,
Q9CSH3,Dis3,treated_only,13644000.0,0.0,,
Q9CSU0,Rprd1b,treated_only,13133000.0,31829000.0,,
Q9CU62,Smc1a,control_only,,,28675000.0,25160000.0
Q9CUN6,Smurf1,treated_only,31415000.0,0.0,,
Q9CW03,Smc3,treated_only,0.0,9856600.0,,
Q9CWG9,Bloc1s2,treated_only,3234300.0,10186000.0,,
Q9CWI3,Bccip,control_only,,,0.0,9866600.0
Q9CWK8,Snx2,control_only,,,21494000.0,12310000.0
Q9CXG3,Ppil4,control_only,,,8227400.0,31591000.0
Q9CXL3,,treated_only,0.0,3010200.0,,
Q9CXZ1,Ndufs4,control_only,,,0.0,6923700.0
Q9CYI4;Q7TNC4,Luc7l;Luc7l2,treated_only,32272000.0,15591000.0,,
Q9CYL5,Glipr2,control_only,,,0.0,5795900.0
Q9CZ13,Uqcrc1,treated_only,66964000.0,0.0,,
Q9CZ42,Carkd,treated_only,12558000.0,0.0,,
Q9CZH3,Psmg3,treated_only,3480600.0,0.0,,
Q9D0B0,Srsf9,control_only,,,4535800.0,10440000.0
Q9D0D5,Gtf2e1,treated_only,62003000.0,0.0,,
Q9D0M0,Exosc7,treated_only,73649000.0,52300000.0,,
Q9D0R8,Lsm12,control_only,,,34013000.0,0.0
Q9D0S9,Hint2,treated_only,8003600.0,43726000.0,,
Q9D1D6,Cthrc1,treated_only,0.0,21060000.0,,
Q9D1G0,Dnase1l2,treated_only,2648400.0,1702600.0,,
Q9D1H7,Get4,treated_only,17267000.0,0.0,,
Q9D1H9,Mfap4,control_only,,,170270000.0,32678000.0
Q9D1M4,Eef1e1,control_only,,,69648000.0,32106000.0
Q9D269,Cst11,control_only,,,0.0,35119000.0
Q9D572,Ubxn11,control_only,,,17271000.0,156110000.0
Q9D6K5,Synj2bp,treated_only,3748800.0,0.0,,
Q9D6N5,Drap1,treated_only,13638000.0,0.0,,
Q9D6S7,Mrrf,treated_only,36260000.0,28783000.0,,
Q9D6V8,Paip2,treated_only,18619000.0,0.0,,
Q9D7P6,Iscu,treated_only,14492000.0,0.0,,
Q9D7S9,Chmp5,treated_only,50272000.0,9426700.0,,
Q9D853,Mettl10,treated_only,24807000.0,0.0,,
Q9D8B7,Jam3,treated_only,60571000.0,18332000.0,,
Q9D8T2,Gsdmdc1,control_only,,,0.0,58815000.0
Q9D8T3,Rhebl1,treated_only,83415000.0,0.0,,
Q9D9V3,Echdc1,treated_only,46078000.0,0.0,,
Q9DAD6,Pfn3,control_only,,,14740000.0,0.0
Q9DB15,Mrpl12,treated_only,5587700.0,0.0,,
Q9DB26,Phyhd1,treated_only,0.0,15730000.0,,
Q9DBE0,Csad,control_only,,,39173000.0,0.0
Q9DBW3,Natd1,control_only,,,0.0,2914500.0
Q9DCG9,Trmt112,control_only,,,67597000.0,120430000.0
Q9DCJ1,Mlst8,treated_only,25937000.0,0.0,,
Q9DCT1,Akr1e2,treated_only,14942000.0,0.0,,
Q9DCU9,Hoga1,control_only,,,0.0,15537000.0
Q9DCW4,Etfb,control_only,,,7075500.0,0.0
Q9ESE1,Lrba,control_only,,,3079900.0,0.0
Q9ESH5,Wfdc1,treated_only,11071000.0,0.0,,
Q9ESX5,Dkc1,control_only,,,0.0,0.0
Q9JHJ8,Icoslg,treated_only,91080000.0,84422000.0,,
Q9JHK4,Rabggta,control_only,,,67893000.0,90788000.0
Q9JIX0,Eny2,control_only,,,2343200.0,245950.0
Q9JJI8,Rpl38,treated_only,8051900.0,10194000.0,,
Q9JK38,Gnpnat1,control_only,,,4634500.0,0.0
Q9JK39,Btnl10,control_only,,,181010000.0,0.0
Q9JKP7,Pole3,treated_only,39554000.0,0.0,,
Q9JKX4,Aatf,control_only,,,139020000.0,29623000.0
Q9JL62,Gltp,control_only,,,18346000.0,0.0
Q9JLA2,Il36a,treated_only,0.0,5326300.0,,
Q9JLF6,Tgm1,treated_only,6385000.0,0.0,,
Q9JLL0,Crim1,control_only,,,18596000.0,26566000.0
Q9JLQ2;Q68FF6,Git2;Git1,treated_only,4348800.0,76891000.0,,
Q9JLV1,Bag3,treated_only,11619000.0,20798000.0,,
Q9JLZ3,Auh,treated_only,7131500.0,15484000.0,,
Q9JM14,Nt5c,control_only,,,0.0,192880000.0
Q9JMB0,Gkap1,treated_only,0.0,11555000.0,,
Q9QUR7,Pin1,control_only,,,6166300.0,6703400.0
Q9QWI6,Srcin1,treated_only,109750000.0,100370000.0,,
Q9QWZ1,Rad1,treated_only,18067000.0,0.0,,
Q9QY36,Naa10,treated_only,8536800.0,9958700.0,,
Q9QY76,Vapb,control_only,,,76059000.0,63700000.0
Q9QYC0,Add1,treated_only,10828000.0,107240000.0,,
Q9QYF9,Ndrg3,treated_only,23880000.0,0.0,,
Q9QYI3,Dnajc7,treated_only,13050000.0,2037600.0,,
Q9QYS9,Qki,control_only,,,0.0,3395300.0
Q9QZM9,Fbxo16,control_only,,,124370000.0,24011000.0
Q9QZN4,Fbxo6,control_only,,,23421000.0,0.0
Q9QZQ1,Mllt4,control_only,,,0.0,8890900.0
Q9QZU9,Ube2l6,treated_only,13112000.0,14253000.0,,
Q9QZV9;Q3UNA4,Nxt1;Nxt2,treated_only,88515000.0,28602000.0,,
Q9R013,Ctsf,treated_only,88269000.0,67971000.0,,
Q9R045,Angptl2,treated_only,0.0,57191000.0,,
Q9R097,Spint1,treated_only,0.0,28106000.0,,
Q9R0H0,Acox1,treated_only,88061000.0,29174000.0,,
Q9R0M0,Celsr2,treated_only,0.0,34762000.0,,
Q9R0M5,Tpk1,treated_only,32468000.0,19457000.0,,
Q9R0Q4,Morf4l2,control_only,,,0.0,0.0
Q9R0U0,Srsf10,treated_only,3854500.0,0.0,,
Q9R100,Cdh17,treated_only,0.0,11935000.0,,
Q9WTU6,Mapk9,treated_only,141810000.0,122260000.0,,
Q9WTU6;Q61831,Mapk9;Mapk10,control_only,,,95062000.0,63200000.0
Q9WTZ1,Rnf7,treated_only,13107000.0,18061000.0,,
Q9WUB4,Dctn6,treated_only,13977000.0,0.0,,
Q9WUD1,Stub1,control_only,,,1768300.0,0.0
Q9WUM5,Suclg1,treated_only,18341000.0,21930000.0,,
Q9WUZ7,Sh3bgr,treated_only,0.0,0.0,,
Q9WV02,Rbmx,control_only,,,12235000.0,10390000.0
Q9WV84,Nme4,treated_only,5311700.0,2871700.0,,
Q9WV91,Ptgfrn,control_only,,,4881400.0,36254000.0
Q9WVB0;Q8VC52,Rbpms;Rbpms2,treated_only,2682700.0,4595100.0,,
Q9WVL0,Gstz1,treated_only,24770000.0,0.0,,
Q9Z0N2,Eif2s3y,control_only,,,24281000.0,19206000.0
Q9Z100,Cpxm1,treated_only,13566000.0,83346000.0,,
Q9Z108,Stau1,control_only,,,2367000.0,6627200.0
Q9Z1M4;Q8BSK8,Rps6kb2;Rps6kb1,treated_only,22282000.0,36588000.0,,
Q9Z1N6,Sfrp4,control_only,,,57226000.0,0.0
Q9Z1P8,Angptl4,treated_only,29835000.0,85799000.0,,
Q9Z224,Mocs2,control_only,,,27616000.0,14623000.0
Q9Z2D6,Mecp2,treated_only,24644000.0,11574000.0,,
Q9Z2I8,Suclg2,treated_only,83010000.0,0.0,,
Q9Z2L7,Crlf3,control_only,,,62847000.0,0.0
Q9Z2M7,Pmm2,treated_only,34600000.0,65659000.0,,
