accession,symbol,string_id,degree,betweenness,community,log2FC,regulated
P60710,Actb,10090.ENSMUSP00000098066,137,0.12128574067800685,2,-0.8704846462368683,DOWN
P62908,Rps3,10090.ENSMUSP00000032998,100,0.014172782388955267,3,0.6696392828766673,UP
P07901,Hsp90aa1,10090.ENSMUSP00000091921,97,0.043719777485469555,2,1.62353781343302,UP
P68040,Gnb2l1,10090.ENSMUSP00000020640,93,0.025032119071729725,3,0.9932016763244156,UP
P80313,Cct7,10090.ENSMUSP00000032078,86,0.01412055712015335,2,-0.6296468464817314,DOWN
Q64737,Gart,10090.ENSMUSP00000023684,83,0.03794349229400681,1,0.8881239330156143,UP
P60867,Rps20,10090.ENSMUSP00000120528,82,0.008591244029164603,3,2.190416258716678,UP
P11983,Tcp1,10090.ENSMUSP00000116108,81,0.01799204931084152,2,-2.319721851086117,DOWN
P29595,Nedd8,10090.ENSMUSP00000010520,81,0.014869699708499464,2,-2.7086945783767455,DOWN
O35593,Psmd14,10090.ENSMUSP00000028278,80,0.01670523744728381,2,0.6518655762049166,UP
O08810,Eftud2,10090.ENSMUSP00000021306,79,0.011532598636800827,3,0.9063474816619012,UP
P14869,Rplp0,10090.ENSMUSP00000083705,77,0.011573853466765335,3,1.5400014615832256,UP
P80316,Cct5,10090.ENSMUSP00000022842,77,0.009585705691597193,2,-0.5940568331067225,DOWN
P14206,Rpsa,10090.ENSMUSP00000035105,77,0.009037767011824955,3,0.6279027570305309,UP
P14131,Rps16,10090.ENSMUSP00000103940,72,0.004599930173202318,3,1.2635263373715897,UP
P17751,Tpi1,10090.ENSMUSP00000130858,70,0.022250172646225023,1,-0.6436276296969152,DOWN
Q91VC3,Eif4a3,10090.ENSMUSP00000026667,69,0.010162531864003694,3,1.2380433810300056,UP
P62264,Rps14,10090.ENSMUSP00000157948,67,0.0032874158538001887,3,1.9945586403155764,UP
P97351,Rps3a,10090.ENSMUSP00000029722,67,0.005336339201082621,3,0.7257891149689446,UP
P62301,Rps13,10090.ENSMUSP00000126294,65,0.0026369107062208723,3,1.0006465652821102,UP
Q9CZX8,Rps19,10090.ENSMUSP00000104068,65,0.004119229378537691,3,1.44093237953762,UP
P09405,Ncl,10090.ENSMUSP00000027438,65,0.014216059775993136,3,0.6499682934044572,UP
P62242,Rps8,10090.ENSMUSP00000099757,64,0.0032002071030807645,3,1.512913220751737,UP
P62270,Rps18,10090.ENSMUSP00000008812,63,0.0037213536629386286,3,0.9696663750554392,UP
P62858,Rps28,10090.ENSMUSP00000134615,62,0.004936643194060274,3,-1.6089385977910655,DOWN
O35864,Cops5,10090.ENSMUSP00000027050,62,0.009643690005681545,2,0.947731235739095,UP
P62852,Rps25,10090.ENSMUSP00000079180,61,0.0016711912468835768,3,1.60228958721022,UP
Q61937,Npm1,10090.ENSMUSP00000075067,59,0.005289377095987029,3,1.1418641344599323,UP
P61979,Hnrnpk,10090.ENSMUSP00000112104,59,0.011867235821862325,3,0.6545824232222437,UP
P61358,Rpl27,10090.ENSMUSP00000102870,59,0.0033643264721268844,3,0.8821756409242089,UP
Q9D0I8,Mrto4,10090.ENSMUSP00000099561,59,0.006364434493950291,3,1.9418538173678817,UP
P09055,Itgb1,10090.ENSMUSP00000087457,58,0.038387030724892246,0,0.8355880835228318,UP
P09411,Pgk1,10090.ENSMUSP00000080302,57,0.013734464568353158,1,0.7429405541323526,UP
P35980,Rpl18,10090.ENSMUSP00000147816,57,0.0051019222429046435,3,1.5168985174032217,UP
Q8K2B3,Sdha,10090.ENSMUSP00000022062,56,0.01654292013845495,1,0.9859452988247824,UP
P60229,Eif3e,10090.ENSMUSP00000022960,56,0.0017351056244823897,3,1.3851427640908534,UP
Q7TMK9,Syncrip,10090.ENSMUSP00000133649,55,0.0029542872619255423,3,1.1470696031131742,UP
P50580,Pa2g4,10090.ENSMUSP00000114434,55,0.004175777770868693,3,1.3648034444220294,UP
Q9CQR2,Rps21,10090.ENSMUSP00000058432,55,0.001678234629394141,3,-1.1262874580078348,DOWN
Q921F2,Tardbp,10090.ENSMUSP00000081142,55,0.013335385153569945,3,-0.8202903289720966,DOWN
P60122,Ruvbl1,10090.ENSMUSP00000032165,54,0.006885835261795855,2,-0.8653137289794295,DOWN
P99026,Psmb4,10090.ENSMUSP00000005923,53,0.007688257089323751,2,-0.6205146079332459,DOWN
Q99L45,Eif2s2,10090.ENSMUSP00000096777,53,0.0013220004232677837,3,-2.685688325738035,DOWN
Q9Z1Q9,Vars,10090.ENSMUSP00000084572,53,0.012572208310778188,1,0.9433090709874064,UP
P08228,Sod1,10090.ENSMUSP00000023707,53,0.023569799401986606,2,-0.7302943537140916,DOWN
O88545,Cops6,10090.ENSMUSP00000019638,52,0.003907149013847147,2,0.9507335047141574,UP
Q9D8W5,Psmd12,10090.ENSMUSP00000021063,52,0.006722654190821762,2,1.080683394028822,UP
P54775,Psmc4,10090.ENSMUSP00000032824,52,0.007028206010572541,2,0.7253255918155095,UP
P62196,Psmc5,10090.ENSMUSP00000021049,51,0.00434813341857057,2,0.9880422409065096,UP
Q99KI0,Aco2,10090.ENSMUSP00000023116,51,0.01022111108308797,1,0.7816749721243317,UP
P62317,Snrpd2,10090.ENSMUSP00000037597,51,0.0048520393780173065,3,0.7472324622093197,UP
P62960,Ybx1,10090.ENSMUSP00000078589,50,0.00877909670449211,3,1.432988803869372,UP
P62309,Snrpg,10090.ENSMUSP00000086987,50,0.004678991190997199,3,-1.4356533225030814,DOWN
Q9CR57,Rpl14,10090.ENSMUSP00000131489,50,0.0017229556602746871,3,-0.712956820809529,DOWN
Q9CZU6,Cs,10090.ENSMUSP00000005826,49,0.011116582385841017,1,0.7631732067787591,UP
Q8BWY3,Etf1,10090.ENSMUSP00000025218,49,0.0037147762492397295,3,1.1454210446875892,UP
Q8CFX1,H6pd,10090.ENSMUSP00000030830,48,0.014429698056701825,1,0.6912397144443057,UP
P04202,Tgfb1,10090.ENSMUSP00000002678,47,0.014728488375367423,0,-1.4830693728942523,DOWN
P23116,Eif3a,10090.ENSMUSP00000025955,47,0.0013730669608057239,3,2.132723372255948,UP
P62320,Snrpd3,10090.ENSMUSP00000020397,46,0.0037429471027663006,3,0.7418145246969481,UP
P35564,Canx,10090.ENSMUSP00000137440,46,0.02359043665890953,0,-1.5056244841929938,DOWN
P10148,Ccl2,10090.ENSMUSP00000000193,46,0.012388119768862477,0,-1.3574081492185677,DOWN
P08226,Apoe,10090.ENSMUSP00000133302,46,0.018854040657305025,0,0.6733132428798185,UP
P70677,Casp3,10090.ENSMUSP00000147767,46,0.007268720462687414,0,1.034191733475293,UP
Q80UW8,Polr2e,10090.ENSMUSP00000004786,46,0.005065686970638015,2,1.2193037131147588,UP
Q99JI4,Psmd6,10090.ENSMUSP00000022256,45,0.010480047251140106,2,-1.0071602255400491,DOWN
Q9D0E1,Hnrnpm,10090.ENSMUSP00000120115,44,0.002239819571089789,3,-1.495650264705147,DOWN
Q8VEK3,Hnrnpu,10090.ENSMUSP00000047571,44,0.0031450997387102815,3,0.5935692462300302,UP
Q9Z0N1,Eif2s3x,10090.ENSMUSP00000059395,44,0.0008486714974704219,3,1.0801577143466137,UP
P46471,Psmc2,10090.ENSMUSP00000030769,44,0.0034251320468795007,2,1.2914387296805043,UP
Q9D1M0,Sec13,10090.ENSMUSP00000032440,43,0.015995569391095275,0,0.7688140889047748,UP
Q9D3D9,Atp5d,10090.ENSMUSP00000101006,43,0.005403990376319424,1,0.7881840927065521,UP
P62315,Snrpd1,10090.ENSMUSP00000002551,43,0.0019758895175645873,3,0.9865948704510032,UP
Q9QUM9,Psma6,10090.ENSMUSP00000021412,43,0.0035562538871118784,2,-0.6024676220981903,DOWN
P67984,Rpl22,10090.ENSMUSP00000118787,42,0.0004566682278242755,3,1.820774741318806,UP
P12032,Timp1,10090.ENSMUSP00000110999,42,0.008059351924010853,0,0.7455621429568966,UP
Q9CY58,Serbp1,10090.ENSMUSP00000039110,42,0.0005474172689269358,3,0.7519771272733323,UP
Q91WK2,Eif3h,10090.ENSMUSP00000022925,42,0.005281793853755002,3,1.3916745195730291,UP
O88685,Psmc3,10090.ENSMUSP00000071054,41,0.0029015556508908864,2,0.8610519175832458,UP
P63276,Rps17,10090.ENSMUSP00000079628,41,0.0023008742853077445,3,1.2497852299427612,UP
Q9WTX6,Cul1,10090.ENSMUSP00000031697,41,0.0039541293293944854,2,1.0465170621728332,UP
P63073,Eif4e,10090.ENSMUSP00000029803,40,0.004688494204555065,3,0.9977379721279764,UP
P83940,Tceb1,10090.ENSMUSP00000139480,40,0.0031131416379694323,2,-0.5926783383110842,DOWN
P80317,Cct6a,10090.ENSMUSP00000158738,39,0.006372837134947693,2,-0.9423347496255264,DOWN
P62869,Tceb2,10090.ENSMUSP00000066210,39,0.002783734148707906,2,1.534873666084625,UP
Q9D819,Ppa1,10090.ENSMUSP00000020286,39,0.00787545882983244,1,0.7544236316165847,UP
Q9WUK2,Eif4h,10090.ENSMUSP00000143910,38,0.00038358759460645843,3,2.6429001392340528,UP
P63330,Ppp2ca,10090.ENSMUSP00000020608,38,0.007992388350248921,2,-1.8999953622536123,DOWN
P07356,Anxa2,10090.ENSMUSP00000034756,37,0.013819359599188815,0,0.7194671417940478,UP
P48036,Anxa5,10090.ENSMUSP00000029266,37,0.005907203971705582,0,1.429467021036399,UP
Q6NZJ6,Eif4g1,10090.ENSMUSP00000111120,37,0.0036974863845504755,3,1.0530377521073069,UP
P63158,Hmgb1,10090.ENSMUSP00000082682,37,0.007443774544084305,0,2.318479460104534,UP
P47811,Mapk14,10090.ENSMUSP00000004990,37,0.007409267667712051,0,0.6503477228953347,UP
Q8BP48,Metap1,10090.ENSMUSP00000029804,37,0.0038241836006058837,3,1.0458550221371707,UP
P61957,Sumo2,10090.ENSMUSP00000115044,36,0.00554219273520855,2,0.7595574043183965,UP
Q8BMJ3,Eif1ax,10090.ENSMUSP00000084387,35,0.0006361646086261454,3,1.748646019933285,UP
Q6P4T2,Snrnp200,10090.ENSMUSP00000099509,35,0.001337571455896119,3,1.248403364500563,UP
Q8VDD5,Myh9,10090.ENSMUSP00000016771,35,0.00937281491728877,0,1.173964162865164,UP
P00015,Cyct,10090.ENSMUSP00000028430,35,0.0069004480052540194,1,-1.1610974953464188,DOWN
Q60864,Stip1,10090.ENSMUSP00000025918,35,0.0020823529297981994,2,0.951480044587343,UP
P62715,Ppp2cb,10090.ENSMUSP00000009774,34,0.0037375752230093392,2,4.070062117057368,UP
O88544,Cops4,10090.ENSMUSP00000048416,34,0.0035081891918668762,2,0.6562463822321525,UP
P62259,Ywhae,10090.ENSMUSP00000070993,34,0.003985227960242718,2,-0.6389613709349938,DOWN
Q01149,Col1a2,10090.ENSMUSP00000031668,34,0.008679104746888369,0,0.7981969097570871,UP
O08749,Dld,10090.ENSMUSP00000106481,33,0.0052212883286189985,1,0.8376431828259083,UP
Q9D6J6,Ndufv2,10090.ENSMUSP00000121557,33,0.0063926396187736515,1,3.3862053531436427,UP
Q9DC23,Dnajc10,10090.ENSMUSP00000028392,33,0.007400852954612087,1,1.2841173687607286,UP
Q93092,Taldo1,10090.ENSMUSP00000026576,33,0.00385706553748645,1,-0.8110963234713544,DOWN
P10923,Spp1,10090.ENSMUSP00000084043,32,0.002641541607831277,0,0.9430454192854252,UP
P09602,Hmgn2,10090.ENSMUSP00000075031,32,0.0028325396614996973,3,0.6076925221637215,UP
P70195,Psmb7,10090.ENSMUSP00000028083,32,0.0013058080892701278,2,-0.6361079959138995,DOWN
Q8BGD9,Eif4b,10090.ENSMUSP00000127774,32,0.00018268759759382133,3,1.7456790901017931,UP
Q9JMG1,Edf1,10090.ENSMUSP00000015236,32,0.005401875592436897,3,0.7207826697983832,UP
Q9CQM9,Glrx3,10090.ENSMUSP00000066621,32,0.007511824738359493,2,1.0191561619920555,UP
P16110,Lgals3,10090.ENSMUSP00000118169,32,0.010006358128595755,0,1.4609350124533729,UP
P97807,Fh,10090.ENSMUSP00000027810,32,0.0020754916389736995,1,0.6941003424236296,UP
P15532,Nme1,10090.ENSMUSP00000117022,31,0.006569907995976351,1,0.6204239919087069,UP
Q99KP6,Prpf19,10090.ENSMUSP00000136858,31,0.00161279751112997,3,-1.0934486838512232,DOWN
P61202,Cops2,10090.ENSMUSP00000106090,31,0.0025858546366400426,2,1.5338879566672108,UP
Q91VM5,Rbmxl1,10090.ENSMUSP00000048153,31,0.0007329963539917069,3,0.6204344682148651,UP
Q9CR68,Uqcrfs1,10090.ENSMUSP00000045284,30,0.0032555596002465264,1,1.313312771565738,UP
Q9R0Q7,Ptges3,10090.ENSMUSP00000050292,30,0.0062307452567808615,2,1.467922255007994,UP
Q8VBV7,Cops8,10090.ENSMUSP00000035884,30,0.00218242379696019,2,1.2803780196702166,UP
Q8BU30,Iars,10090.ENSMUSP00000132082,30,0.00258392835933552,1,1.3608183992370482,UP
Q99LD4,Gps1,10090.ENSMUSP00000133855,30,0.0018271110444831238,2,1.1320681288564312,UP
Q9D051,Pdhb,10090.ENSMUSP00000022268,30,0.0015759382319361019,1,1.4463537373958557,UP
P11438,Lamp1,10090.ENSMUSP00000033824,29,0.011795495913835401,0,1.0073463254498896,UP
Q8K4Z5,Sf3a1,10090.ENSMUSP00000002198,29,0.0009911828046590021,3,0.6454589850825414,UP
Q62446,Fkbp3,10090.ENSMUSP00000021332,29,0.002252564527418424,3,1.5481694704948228,UP
Q3TIV5,Zc3h15,10090.ENSMUSP00000080301,29,0.0012713790733844697,3,-3.4798592961570907,DOWN
Q8C878,Uba3,10090.ENSMUSP00000086701,29,0.0014051512167071525,2,1.0571013355975076,UP
P26350,Ptma,10090.ENSMUSP00000044188,29,0.0020583612791393925,3,0.6084618965242248,UP
Q9WUP7,Uchl5,10090.ENSMUSP00000140106,29,0.0006858593037549521,2,1.0224497451605197,UP
P11103,Parp1,10090.ENSMUSP00000027777,29,0.006048037226559393,0,1.4310570014771695,UP
P56959,Fus,10090.ENSMUSP00000101858,29,0.0011892310559906605,3,0.895463650304492,UP
Q60973,Rbbp7,10090.ENSMUSP00000033720,28,0.0021148410090436475,2,0.971389046963108,UP
Q02788,Col6a2,10090.ENSMUSP00000001181,28,0.0068927477374621385,0,0.9712968288136852,UP
Q99LJ6,Gpx7,10090.ENSMUSP00000030332,28,0.006925197114579953,1,1.00449899905991,UP
Q9WU28,Pfdn5,10090.ENSMUSP00000129178,28,0.0011994033219065166,2,1.2023855877864726,UP
Q9CZ30,Ola1,10090.ENSMUSP00000028517,27,0.0009521793495289166,1,1.0659653848426227,UP
Q04857,Col6a1,10090.ENSMUSP00000001147,27,0.001533236072081924,0,0.7851669751471715,UP
Q64442,Sord,10090.ENSMUSP00000106180,27,0.010273640593470981,1,1.501769136373713,UP
P62137,Ppp1ca,10090.ENSMUSP00000039109,27,0.007087869515557094,3,-1.2616091148841564,DOWN
P39061,Col18a1,10090.ENSMUSP00000101049,27,0.002759737539520584,0,-2.031338359311053,DOWN
Q8R081,Hnrnpl,10090.ENSMUSP00000133728,27,0.0021533938645235604,3,0.6011312558022253,UP
P46664,Adss,10090.ENSMUSP00000016105,27,0.004930433242659254,1,1.6282536347553784,UP
Q9JKF1,Iqgap1,10090.ENSMUSP00000128278,27,0.004883265920492668,0,1.6107609019512477,UP
Q922V4,Plrg1,10090.ENSMUSP00000114968,26,0.0031675083251129646,3,0.6038473235858323,UP
Q61425,Hadh,10090.ENSMUSP00000029610,26,0.004277947340036449,1,0.6177705964830197,UP
P14152,Mdh1,10090.ENSMUSP00000099938,26,0.0013070385919396541,1,0.7822599726598258,UP
P63085,Mapk1,10090.ENSMUSP00000065983,26,0.005736557070011161,2,0.5940432513689166,UP
Q9D0I9,Rars,10090.ENSMUSP00000018992,26,0.0014259480720633022,1,1.3251757911937965,UP
P42225,Stat1,10090.ENSMUSP00000141132,26,0.0047874376772252146,0,-1.5817087249605857,DOWN
P16254,Srp14,10090.ENSMUSP00000009693,26,0.000455542631777964,3,1.201914140750756,UP
Q9Z2I9,Sucla2,10090.ENSMUSP00000123765,26,0.0018215124586898762,1,1.2489436533798313,UP
O35955,Psmb10,10090.ENSMUSP00000034369,25,0.001810044532018216,2,-1.122928715291706,DOWN
Q9ERF3,Wdr61,10090.ENSMUSP00000113560,25,0.0006845376338044976,2,1.9277193993751405,UP
P61089,Ube2n,10090.ENSMUSP00000096932,25,0.0015017438025251128,2,0.8712567370611943,UP
Q9D892,Itpa,10090.ENSMUSP00000099482,25,0.010522415513810404,1,0.7320754815158295,UP
O89086,Rbm3,10090.ENSMUSP00000038964,25,0.0001865132726397157,3,2.865187348261792,UP
P57784,Snrpa1,10090.ENSMUSP00000117947,25,0.0002765547344709793,3,0.8773785427005384,UP
Q9D0R2,Tars,10090.ENSMUSP00000022849,24,0.0003726360456092025,1,2.445917074753994,UP
Q9EPL8,Ipo7,10090.ENSMUSP00000081782,24,0.0015302555797266618,3,0.5957860244397644,UP
O88207,Col5a1,10090.ENSMUSP00000028280,24,0.0009788784470916463,0,0.9902027005257904,UP
P61965,Wdr5,10090.ENSMUSP00000109585,24,0.004763499102615076,2,1.7856415773925742,UP
Q923G2,Polr2h,10090.ENSMUSP00000021405,24,0.001039805583967377,2,0.9670943417946196,UP
Q9CYR0,Ssbp1,10090.ENSMUSP00000031971,24,0.0020134138588422733,3,0.7131730912977032,UP
Q8CDN6,Txnl1,10090.ENSMUSP00000158375,24,0.005130281599571066,2,0.7830175743606698,UP
Q99K48,Nono,10090.ENSMUSP00000033673,24,0.0006974271319982381,3,-0.9472111262989922,DOWN
Q9QXA5,Lsm4,10090.ENSMUSP00000034311,23,0.0005928830988173732,3,1.2796677570514037,UP
P12787,Cox5a,10090.ENSMUSP00000000090,23,0.0009292350753840693,1,0.6863263559694065,UP
Q9Z2X1,Hnrnpf,10090.ENSMUSP00000130023,23,0.0003686314809555506,3,0.8373929641285548,UP
Q91Z53,Grhpr,10090.ENSMUSP00000047218,23,0.008873078768621692,1,1.160605360306969,UP
P26039,Tln1,10090.ENSMUSP00000030187,23,0.004235229259038459,0,1.005397918562433,UP
Q61081,Cdc37,10090.ENSMUSP00000019615,23,0.001339943898352519,2,1.8209131396604312,UP
Q91YI0,Asl,10090.ENSMUSP00000124579,22,0.00491738874008217,1,0.9333563199497872,UP
P02463,Col4a1,10090.ENSMUSP00000033898,22,0.0005002318993525976,0,0.9240864146632284,UP
Q61699,Hsph1,10090.ENSMUSP00000144413,22,0.0009482454187489312,2,-0.9268075254551308,DOWN
Q9CZ44,Nsfl1c,10090.ENSMUSP00000086542,22,0.0029131475494951565,2,1.0775891354326808,UP
P12850,Cxcl1,10090.ENSMUSP00000031327,22,0.00111401827648642,0,-3.303868623867206,DOWN
Q60676,Ppp5c,10090.ENSMUSP00000003183,22,0.0019080816971016456,2,-0.8268138436945435,DOWN
Q9CR00,Psmd9,10090.ENSMUSP00000098295,22,0.0009575291744708823,2,1.2378019761308234,UP
Q8VE62,Paip1,10090.ENSMUSP00000026520,22,3.5995219828597054e-05,3,1.0890553103814735,UP
Q9D1K2,Atp6v1f,10090.ENSMUSP00000004396,22,0.002102195807621893,1,-1.4924076031644211,DOWN
Q920B9,Supt16h,10090.ENSMUSP00000042283,22,0.0028228030967095592,2,1.73807088909116,UP
P99028,Uqcrh,10090.ENSMUSP00000077744,22,0.0021117539650752507,1,1.455553121393612,UP
Q8K310,Matr3,10090.ENSMUSP00000125761,22,0.000837122989683752,3,1.926796266488124,UP
Q3U962,Col5a2,10090.ENSMUSP00000083620,22,0.00030557844221221675,0,0.6567743627094202,UP
Q6PHU5,Sort1,10090.ENSMUSP00000123564,21,0.007784293908975219,0,1.7560385969521073,UP
Q60598,Cttn,10090.ENSMUSP00000099368,21,0.004887615051944934,0,1.240224687884211,UP
P19324,Serpinh1,10090.ENSMUSP00000126390,21,0.0032612627240449685,0,0.6824521006724193,UP
P21107,Tpm3,10090.ENSMUSP00000113978,21,0.003125059733144615,0,-0.598225976874503,DOWN
Q9CWH6,Psma8,10090.ENSMUSP00000042590,21,0.00034030037148885707,2,-0.7714119588881795,DOWN
P60898,Polr2i,10090.ENSMUSP00000019882,21,0.003056015734876284,2,1.3154233065789225,UP
P11214,Plat,10090.ENSMUSP00000033941,21,0.0031493190555265784,0,0.7159997800198797,UP
Q62470,Itga3,10090.ENSMUSP00000113556,21,0.0027504479392994738,0,-0.6558303346285299,DOWN
Q9DCD0,Pgd,10090.ENSMUSP00000081141,21,0.000608027065944055,1,0.882648579840339,UP
Q9D2G2,Dlst,10090.ENSMUSP00000060346,20,0.00038872845019851055,1,1.0507665802062942,UP
O08547,Sec22b,10090.ENSMUSP00000029476,20,0.0019058831261749656,0,-0.7380516871295464,DOWN
O35900,Lsm2,10090.ENSMUSP00000007266,20,0.0003914888806412525,3,-1.0793754477109905,DOWN
P17047,Lamp2,10090.ENSMUSP00000074448,20,0.004260970250676525,0,0.7165040878711435,UP
Q9D868,Ppih,10090.ENSMUSP00000101924,20,0.001431410641046208,3,-0.9205787748559014,DOWN
Q9QYJ0,Dnaja2,10090.ENSMUSP00000034138,20,0.0036314035927835714,2,1.862397843438132,UP
Q8BJY1,Psmd5,10090.ENSMUSP00000028225,20,2.8202004409058075e-05,2,-0.6698425195092599,DOWN
Q8CCS6,Pabpn1,10090.ENSMUSP00000022808,20,0.0005123280111736062,3,0.6653726199300626,UP
Q9CVB6,Arpc2,10090.ENSMUSP00000109451,20,0.007311939421188133,5,0.8061491613652934,UP
O89079,Cope,10090.ENSMUSP00000071078,20,0.0035729178900084572,0,0.8659177017381026,UP
Q9R0Y5,Ak1,10090.ENSMUSP00000068479,20,0.00256853108926023,1,-0.9039707260933788,DOWN
Q00612,G6pdx,10090.ENSMUSP00000004327,20,0.001600686059705928,1,-1.208304553583681,DOWN
Q9CZD3,Gars,10090.ENSMUSP00000003572,20,0.0004570288362199523,1,1.6408106857078806,UP
Q91YQ5,Rpn1,10090.ENSMUSP00000032143,20,0.002404467865747653,0,2.0662071857005113,UP
Q569Z5,Ddx46,10090.ENSMUSP00000133245,19,0.00015309665138222846,3,-2.487156819381078,DOWN
Q9CX86,Hnrnpa0,10090.ENSMUSP00000007980,19,8.011790196453569e-05,3,-3.7783923846362906,DOWN
P30416,Fkbp4,10090.ENSMUSP00000032508,19,0.0037390746635109066,2,0.7838653487836352,UP
Q9EQH3,Vps35,10090.ENSMUSP00000034131,19,0.006097828486527544,0,0.8372685478907841,UP
Q61584,Fxr1,10090.ENSMUSP00000001620,19,0.0006896013225134272,3,-1.5112326618621028,DOWN
Q9QXD6,Fbp1,10090.ENSMUSP00000090564,19,0.0006991449352056542,1,-0.9559049752468112,DOWN
Q99JY9,Actr3,10090.ENSMUSP00000137503,19,0.003244172016490241,5,0.747642511350593,UP
Q60865,Caprin1,10090.ENSMUSP00000028607,19,0.0010187294092961442,3,1.5759562379797265,UP
Q8VBW6,Nae1,10090.ENSMUSP00000034349,19,0.0002959282612803627,2,0.6619928905020334,UP
Q01405,Sec23a,10090.ENSMUSP00000021375,19,0.0009266951433676713,0,0.6104596728049414,UP
O08638,Myh11,10090.ENSMUSP00000155052,19,0.0027495433139513603,0,1.357278256384068,UP
P17439,Gba,10090.ENSMUSP00000130660,19,0.016994679122290402,0,-1.1002452169499146,DOWN
Q3U0V1,Khsrp,10090.ENSMUSP00000007814,19,0.0003391700153793537,3,-3.0635599851785633,DOWN
P08003,Pdia4,10090.ENSMUSP00000076521,19,0.0032968735072144463,0,1.107583698779595,UP
Q91ZX7,Lrp1,10090.ENSMUSP00000044004,19,0.004285511978543763,0,0.787273155884711,UP
Q6ZWM4,Lsm8,10090.ENSMUSP00000057238,19,0.0005938993009132495,3,-0.9375262912481316,DOWN
P34884,Mif,10090.ENSMUSP00000041149,18,0.0035955791548731263,0,0.9836730469706714,UP
P55264,Adk,10090.ENSMUSP00000047665,18,0.001697304271485657,1,-0.9356632634321076,DOWN
Q8BGR9,Ublcp1,10090.ENSMUSP00000099859,18,5.729494747279394e-05,2,0.72028489020848,UP
P17125,Tgfb3,10090.ENSMUSP00000003687,18,0.0031850453249181766,0,-1.806509824257048,DOWN
P35762,Cd81,10090.ENSMUSP00000043768,18,0.0014183166448231074,0,1.128518868011386,UP
P70349,Hint1,10090.ENSMUSP00000020504,18,0.0008308342365924785,1,-0.663505297999769,DOWN
Q91YN9,Bag2,10090.ENSMUSP00000042009,18,0.00023020556434501,2,-0.7079031849094745,DOWN
Q02257,Jup,10090.ENSMUSP00000001592,18,0.004113435955822879,0,0.5962240008956992,UP
Q3UPL0,Sec31a,10090.ENSMUSP00000092157,18,0.0015243718707934413,0,2.071014998174164,UP
P63037,Dnaja1,10090.ENSMUSP00000129730,18,0.0003016039960648978,2,1.1515916692347683,UP
F6ZDS4,Tpr,10090.ENSMUSP00000117616,18,0.001815415547469118,3,0.75224056518024,UP
Q9Z1Z0,Uso1,10090.ENSMUSP00000031355,17,0.0007542299725143903,0,0.6024753434406344,UP
Q9D1G1,Rab1b,10090.ENSMUSP00000025804,17,0.0014554021089285183,0,0.9826397997264988,UP
O08992,Sdcbp,10090.ENSMUSP00000029912,17,0.004913390470713784,0,1.0028310989842246,UP
Q9JJA4,Wdr12,10090.ENSMUSP00000027173,17,8.362775521314067e-05,3,2.453775558662149,UP
Q9JLT4,Txnrd2,10090.ENSMUSP00000146030,17,0.0019533013953981883,1,1.5244102473068604,UP
Q9JHH9,Copz2,10090.ENSMUSP00000018816,17,0.005845299658403218,0,0.8161246080351724,UP
Q9DB05,Napa,10090.ENSMUSP00000006181,17,0.0015227851695759932,0,1.469768925866827,UP
Q9D2M8,Ube2v2,10090.ENSMUSP00000111443,17,0.00046309074137492183,2,0.760789606534364,UP
Q9QUH0,Glrx,10090.ENSMUSP00000022082,17,0.0023423779971192683,1,-1.0595518977468414,DOWN
P23927,Cryab,10090.ENSMUSP00000149803,17,0.002317345876055984,2,-2.788147119971317,DOWN
P63087,Ppp1cc,10090.ENSMUSP00000099587,17,0.0026584650164857204,3,-0.7947667594625092,DOWN
P27612,Plaa,10090.ENSMUSP00000102724,17,0.0017572059616054053,2,-1.2047814320893095,DOWN
O35855,Bcat2,10090.ENSMUSP00000033098,16,0.0009755212515044139,1,0.6881174187784138,UP
Q00519,Xdh,10090.ENSMUSP00000024866,16,0.006668169700706868,1,0.6526801455960738,UP
Q60715,P4ha1,10090.ENSMUSP00000009789,16,0.002471419741282661,0,2.1859643231281676,UP
O35206,Col15a1,10090.ENSMUSP00000099981,16,0.0003285530700405119,0,0.7988197850162905,UP
P61750,Arf4,10090.ENSMUSP00000022429,16,0.004530563479614465,0,0.9776496633158638,UP
P14733,Lmnb1,10090.ENSMUSP00000025486,16,0.0016230224600681656,0,0.7905865262206725,UP
Q9CZY3,Ube2v1,10090.ENSMUSP00000114764,16,0.0006192622773023107,2,0.7582600815760292,UP
P68037,Ube2l3,10090.ENSMUSP00000156121,16,0.0003156721250468064,2,-0.7279485538217717,DOWN
P70398,Usp9x,10090.ENSMUSP00000086716,16,0.0013553647586850136,2,0.8484386773723728,UP
Q8BLX7,Col16a1,10090.ENSMUSP00000035802,16,0.0003778487593913967,0,-4.396480833038986,DOWN
Q9Z1Z2,Strap,10090.ENSMUSP00000068267,16,0.001502950009124163,3,0.7578518512969458,UP
Q91X96,Rabif,10090.ENSMUSP00000038335,16,0.0044692931710780814,0,1.405507353049334,UP
Q60675,Lama2,10090.ENSMUSP00000090304,16,0.0027446848612080604,0,0.698760246588171,UP
P62814,Atp6v1b2,10090.ENSMUSP00000006435,16,0.0012663841373273515,1,-1.454926474887817,DOWN
Q99KJ8,Dctn2,10090.ENSMUSP00000026479,16,0.004936804988714236,2,1.3815595526978424,UP
Q60847,Col12a1,10090.ENSMUSP00000071662,16,0.00017152653464477062,0,-2.492430893297398,DOWN
Q9ER72,Cars,10090.ENSMUSP00000010899,16,0.0006464049474720541,1,1.145772447562171,UP
Q3THS6,Mat2a,10090.ENSMUSP00000087118,16,0.0012041147819138523,1,0.6259794228612461,UP
Q61753,Phgdh,10090.ENSMUSP00000064755,16,0.0014368873115848735,1,-1.5640612267525458,DOWN
Q99KR7,Ppif,10090.ENSMUSP00000022419,15,0.0011272506835184818,1,-1.975505990775822,DOWN
Q9JHU4,Dync1h1,10090.ENSMUSP00000018851,15,0.002610809491459372,2,1.322271840793586,UP
Q99MR6,Srrt,10090.ENSMUSP00000043123,15,0.0009128070704528394,3,-2.549619447701204,DOWN
P70696,Hist1h2ba,10090.ENSMUSP00000056604,15,0.0012231377497249145,2,-6.833555270006145,DOWN
Q80W65,Pcsk9,10090.ENSMUSP00000055757,15,0.002396359569207442,0,-0.7104859121059539,DOWN
P99029,Prdx5,10090.ENSMUSP00000025904,15,0.006037592656932109,1,1.4516468765079182,UP
Q8VI75,Ipo4,10090.ENSMUSP00000036555,15,0.0011126031373576563,3,0.6401612441454714,UP
P61982,Ywhag,10090.ENSMUSP00000051223,15,0.0013248714265059838,2,0.6645169598880567,UP
P22907,Hmbs,10090.ENSMUSP00000076575,15,0.001022460880699705,1,-2.05371174568956,DOWN
Q9EQU5,Set,10090.ENSMUSP00000099930,15,0.00241913728427897,2,2.8123253883682455,UP
Q80X90,Flnb,10090.ENSMUSP00000052020,15,0.0013029467009966925,0,1.3280486199764765,UP
Q8CAQ8,Immt,10090.ENSMUSP00000066181,15,0.0018368200570949137,1,-0.8018701440755837,DOWN
Q5SWU9,Acaca,10090.ENSMUSP00000099490,15,0.0027694075976851984,1,3.386797398715171,UP
P70460,Vasp,10090.ENSMUSP00000032561,15,0.006034397797963493,0,1.228597623585567,UP
Q9CQW1,Ykt6,10090.ENSMUSP00000002818,15,0.0010574952927127782,0,-0.7874893367726775,DOWN
Q9JKR6,Hyou1,10090.ENSMUSP00000123700,15,0.0014650082331249578,2,0.6951330364547458,UP
Q99KE1,Me2,10090.ENSMUSP00000025439,14,0.0007741335965404708,1,-0.58593970623114,DOWN
Q9Z130,Hnrnpdl,10090.ENSMUSP00000121005,14,0.000150285461160872,3,1.841480759727328,UP
O35344,Kpna3,10090.ENSMUSP00000022496,14,0.001213419033936548,2,0.6519241525482043,UP
P62313,Lsm6,10090.ENSMUSP00000119841,14,2.2275241894754084e-05,3,-1.2210326636700548,DOWN
O54724,Ptrf,10090.ENSMUSP00000058321,14,0.0012353796322896317,0,2.2577915130393573,UP
Q9WVJ9,Efemp2,10090.ENSMUSP00000064719,14,0.00094041967519087,0,-1.929258310062276,DOWN
Q99LS3,Psph,10090.ENSMUSP00000031399,14,0.0019185597256773977,1,0.6641356562822491,UP
Q9QZ73,Dcun1d1,10090.ENSMUSP00000103817,14,1.3086695699016578e-05,2,0.9381215272206352,UP
Q9CX34,Sugt1,10090.ENSMUSP00000052942,14,0.000996113736411974,2,0.8311333349769249,UP
Q64520,Guk1,10090.ENSMUSP00000127566,14,0.0018863363183005404,1,-1.0126303348809722,DOWN
Q62261,Sptbn1,10090.ENSMUSP00000006629,14,0.0015549950774064387,0,1.0633144767505385,UP
Q922R8,Pdia6,10090.ENSMUSP00000052912,14,0.0011763182106595067,0,1.015930816276299,UP
P62141,Ppp1cb,10090.ENSMUSP00000015100,14,0.0014361402591726781,3,2.172716925131027,UP
Q9CQ19,Myl9,10090.ENSMUSP00000085913,14,0.0018047487646386245,0,-1.6695647221619307,DOWN
Q9DB34,Chmp2a,10090.ENSMUSP00000005711,14,0.0013723272496245895,5,1.7643445981584869,UP
Q91VR8,Brk1,10090.ENSMUSP00000041644,14,0.00204650509773267,5,-1.6782446843038898,DOWN
Q61838,A2m,10090.ENSMUSP00000107760,14,0.00021729212442432838,0,2.448793270867606,UP
Q8CFI2,Cdc34,10090.ENSMUSP00000020550,14,0.00032531482261699855,2,0.7324550413142606,UP
Q569Z6,Thrap3,10090.ENSMUSP00000079722,14,6.390808744830836e-05,3,1.9007983583184904,UP
Q9Z126,Pf4,10090.ENSMUSP00000031320,13,0.0003881004288198479,0,0.6093274354864473,UP
Q9Z0F8,Adam17,10090.ENSMUSP00000099087,13,0.00241805911749645,0,-1.3334074682692911,DOWN
Q9Z1B5,Mad2l1,10090.ENSMUSP00000112304,13,0.0013385201059007566,2,-1.6297218964899778,DOWN
A2ARV4,Lrp2,10090.ENSMUSP00000079752,13,0.0005101315478982064,0,0.809227462049801,UP
Q8R2Y2,Mcam,10090.ENSMUSP00000034650,13,0.00048443513823542085,0,-0.6193618641667694,DOWN
Q6GQT1,A2mp,10090.ENSMUSP00000032203,13,0.00020628182535141666,0,0.6756994015441599,UP
Q9Z2N8,Actl6a,10090.ENSMUSP00000029214,13,0.0003670473925817971,2,0.602398160732771,UP
Q8VHY0,Cspg4,10090.ENSMUSP00000038909,13,0.0014806239168686588,0,1.5795193767362192,UP
Q9DBH5,Lman2,10090.ENSMUSP00000021940,13,0.0013521702557799601,0,0.970097710474314,UP
Q6P5H2,Nes,10090.ENSMUSP00000088493,13,0.0007578083220272613,0,2.0071047477149566,UP
Q08879,Fbln1,10090.ENSMUSP00000054583,13,0.00014997908932931145,0,1.604147222793311,UP
A6H5Y3,Mtr,10090.ENSMUSP00000097442,13,0.002338086528409618,1,0.5947479067155814,UP
Q9D662,Sec23b,10090.ENSMUSP00000028916,13,0.0005241912813843245,0,0.899688112060317,UP
Q8BFR4,Gns,10090.ENSMUSP00000043167,13,0.004513928867697906,0,0.6634050246446335,UP
P62874,Gnb1,10090.ENSMUSP00000130123,13,0.00041778158011588094,2,1.368878319168405,UP
Q99L47,St13,10090.ENSMUSP00000130195,13,0.00018343668090675132,2,2.4142068102447087,UP
P35278,Rab5c,10090.ENSMUSP00000019317,13,0.0032890241200240777,0,-1.3995020310301245,DOWN
Q8QZS1,Hibch,10090.ENSMUSP00000045606,13,0.0015595765365081253,1,0.782831706218892,UP
P62077,Timm8b,10090.ENSMUSP00000039335,12,0.0032650150324870877,1,1.611714165583885,UP
O88322,Nid2,10090.ENSMUSP00000022340,12,2.1281212540816617e-05,0,-1.0122757727963132,DOWN
P19536,Cox5b,10090.ENSMUSP00000038961,12,0.0018063233108208763,1,-0.6575349843951088,DOWN
Q9CWM4,Pfdn1,10090.ENSMUSP00000025204,12,0.000923062068570637,2,-0.6605015958922621,DOWN
Q91WE2,Fam192a,10090.ENSMUSP00000034226,12,0.0011384178981968863,3,1.8912609019305264,UP
P50228,Cxcl5,10090.ENSMUSP00000031318,12,0.0002123308858651542,0,-0.7323455824170593,DOWN
Q9DCT5,Sdf2,10090.ENSMUSP00000002133,12,5.015123749377182e-05,2,0.7310240624050227,UP
Q9Z0Y1,Dctn3,10090.ENSMUSP00000030158,12,0.0020994976102173767,2,-1.23563151345172,DOWN
Q9QZ23,Nfu1,10090.ENSMUSP00000113637,12,0.0011775905965466535,1,1.4438687941573327,UP
P05063,Aldoc,10090.ENSMUSP00000017534,12,0.0005214763456778207,1,1.0808659528566849,UP
P97857,Adamts1,10090.ENSMUSP00000023610,12,0.00014585179162524594,0,-1.2439598190147196,DOWN
Q6PDN3,Mylk,10090.ENSMUSP00000023538,12,0.0010115131623253824,0,0.7649933215587551,UP
P22892,Ap1g1,10090.ENSMUSP00000090844,12,0.001302856945713884,0,1.0451892791214112,UP
Q7TQI3,Otub1,10090.ENSMUSP00000025679,12,9.444551801924018e-05,2,0.9192837532644346,UP
Q9Z0U1,Tjp2,10090.ENSMUSP00000156728,12,0.0017031478598537465,0,1.3085900522261609,UP
P62254,Ube2g1,10090.ENSMUSP00000021148,12,0.0015064031490042375,2,1.1465104126229249,UP
P61924,Copz1,10090.ENSMUSP00000097738,12,0.0008395702855519783,0,-0.7366439431703542,DOWN
Q62059,Vcan,10090.ENSMUSP00000105173,12,0.0015734217914416667,0,2.0177679011383396,UP
Q9R0Q6,Arpc1a,10090.ENSMUSP00000031625,12,0.0031273398908017876,5,1.405678077591912,UP
Q9D1P4,Chordc1,10090.ENSMUSP00000001825,12,0.00045828319074172485,2,0.7312283998876862,UP
Q3THE2,Myl12b,10090.ENSMUSP00000042364,12,0.0006386152330505418,0,2.675609256220086,UP
Q99KP3,Cryl1,10090.ENSMUSP00000022517,11,0.00032122263982839656,1,0.7867604523867728,UP
P63005,Pafah1b1,10090.ENSMUSP00000021091,11,0.0008165080730453558,2,0.870499455320495,UP
P14069,S100a6,10090.ENSMUSP00000001051,11,0.004623778632620609,0,-0.9048032311604136,DOWN
E9PV24,Fga,10090.ENSMUSP00000133117,11,0.0005031657898473864,0,-0.6371467122799463,DOWN
P23780,Glb1,10090.ENSMUSP00000055803,11,0.0027586686226492964,4,2.148417681412832,UP
Q9CR51,Atp6v1g1,10090.ENSMUSP00000048770,11,0.00034453575649887047,1,0.643429268019477,UP
P40336,Vps26a,10090.ENSMUSP00000090130,11,0.0014129925022548981,0,0.9788220603758104,UP
Q9R0E1,Plod3,10090.ENSMUSP00000004968,11,0.0,0,0.7807655249381285,UP
P42669,Pura,10090.ENSMUSP00000059404,11,0.002844157595287269,3,0.6258937051480133,UP
Q8VE47,Uba5,10090.ENSMUSP00000035166,11,0.0002825100638994261,2,1.5754263387489047,UP
Q9WU84,Ccs,10090.ENSMUSP00000035486,11,0.005697123257938807,1,0.6532979001511805,UP
P97298,Serpinf1,10090.ENSMUSP00000000769,11,0.0008182805498461555,0,0.8712235199775558,UP
P10518,Alad,10090.ENSMUSP00000103068,11,0.0003297784390130412,1,0.9637139751763124,UP
Q9CPW4,Arpc5,10090.ENSMUSP00000076933,11,0.0020330902211321447,5,1.2951684288520169,UP
P97290,Serping1,10090.ENSMUSP00000023994,11,0.00021801258639556176,0,0.7132771439074489,UP
P84089,Erh,10090.ENSMUSP00000129620,11,2.1231811216335195e-05,3,-1.1822855480323855,DOWN
Q9QXX0,Jag1,10090.ENSMUSP00000028735,11,0.0013318049975836875,0,1.4095860788829602,UP
Q3ULJ0,Gpd1l,10090.ENSMUSP00000117509,10,0.00021939923106973342,1,1.7969354026681783,UP
Q8K4Z3,Apoa1bp,10090.ENSMUSP00000029708,10,0.0028296231578391253,1,0.7349006773724379,UP
P08071,Ltf,10090.ENSMUSP00000035077,10,0.0004765057857545617,0,0.979289411832607,UP
Q924X6,Lrp8,10090.ENSMUSP00000102342,10,0.0007256311044677646,0,2.2483170875951477,UP
P50247,Ahcy,10090.ENSMUSP00000061851,10,0.0008723311157289241,1,1.09749523349279,UP
Q91W89,Man2c1,10090.ENSMUSP00000125478,10,0.007856508018256016,4,1.7471981417041418,UP
Q62356,Fstl1,10090.ENSMUSP00000110411,10,4.1392694539667606e-05,0,0.6720625525372071,UP
Q07813,Bax,10090.ENSMUSP00000033093,10,9.429625265001116e-05,0,-0.8423750069032672,DOWN
Q8K5B2,Mcfd2,10090.ENSMUSP00000024963,10,0.00011253380046575824,0,0.9578759680813672,UP
Q8K1J6,Trnt1,10090.ENSMUSP00000060900,10,0.0013158778129275031,1,1.1557582232430192,UP
P01901,H2-K1,10090.ENSMUSP00000025181,10,0.0013845098071456965,0,0.5970256299326061,UP
Q9CQ65,Mtap,10090.ENSMUSP00000061092,10,0.0005762204878099458,1,0.8934670842051662,UP
P51655,Gpc4,10090.ENSMUSP00000033450,10,0.0013594000599288383,0,1.836937350362307,UP
Q6PGB6,Naa50,10090.ENSMUSP00000124291,10,0.0003252768129045095,8,0.7795181812667125,UP
O55013,Trappc3,10090.ENSMUSP00000030660,10,0.0004107414237383442,0,1.0927264294300645,UP
Q9CPV4,Glod4,10090.ENSMUSP00000017430,10,4.7770162931841736e-05,1,1.437934305365724,UP
P57716,Ncstn,10090.ENSMUSP00000003550,10,0.003846965198525666,0,0.9003044796222011,UP
Q9DAS9,Gng12,10090.ENSMUSP00000046557,10,0.0001365777040250115,2,-1.2694363809702658,DOWN
Q9DCB8,Isca2,10090.ENSMUSP00000021667,10,0.0012751925455664673,1,1.403536567878238,UP
Q8BY87,Usp47,10090.ENSMUSP00000147619,9,0.0008714426731600152,2,3.211474131849642,UP
Q8BG95,Ppp1r12b,10090.ENSMUSP00000131406,9,0.0027729954628722383,3,1.5413576183780937,UP
Q9R111,Gda,10090.ENSMUSP00000084882,9,0.0005531022968076559,1,-1.4685043761696772,DOWN
O54984,Asna1,10090.ENSMUSP00000065337,9,0.0005934031431642264,2,1.0721421515707932,UP
O70318,Epb41l2,10090.ENSMUSP00000055122,9,0.0027558521250224443,2,2.7588507231833903,UP
Q9R1Z7,Pts,10090.ENSMUSP00000034570,9,0.0018916797975983802,1,1.8566474726931892,UP
P68510,Ywhah,10090.ENSMUSP00000019109,9,0.000259413642044935,2,-0.6146119598117092,DOWN
Q06335,Aplp2,10090.ENSMUSP00000072428,9,0.004960366814762839,0,-0.7531791197385135,DOWN
Q6PEB6,Mob4,10090.ENSMUSP00000125415,9,0.00038924512703217734,2,-2.0314412635714976,DOWN
Q9D1C8,Vps28,10090.ENSMUSP00000077856,9,0.0008602792874972258,5,0.988194280081069,UP
Q8CAY6,Acat2,10090.ENSMUSP00000007005,9,9.117815499766288e-05,1,1.35446739716164,UP
Q8JZM7,Cdc73,10090.ENSMUSP00000018337,9,7.007715102080349e-05,2,-0.5892567066601324,DOWN
P61922,Abat,10090.ENSMUSP00000063548,9,0.0033611805809749622,1,1.5276324040419555,UP
P36993,Ppm1b,10090.ENSMUSP00000079107,9,0.0003923579326518502,2,2.7756016648042783,UP
O08759,Ube3a,10090.ENSMUSP00000143859,9,8.77083594526769e-05,2,-2.1787103503704803,DOWN
Q9R0N0,Galk1,10090.ENSMUSP00000021114,9,0.0014397306940935562,1,1.6359624564593471,UP
B2RQC6,Cad,10090.ENSMUSP00000013773,9,0.0002128107337318323,1,1.0990863883679265,UP
P20060,Hexb,10090.ENSMUSP00000022169,9,0.0029351928926244003,4,0.8656566387267639,UP
Q8JZK9,Hmgcs1,10090.ENSMUSP00000153064,9,0.0002691617839156857,1,1.0956630583455118,UP
P12815,Pdcd6,10090.ENSMUSP00000022060,8,0.0004715833886800083,0,0.8448614864492697,UP
Q3UFY7,Nt5c3b,10090.ENSMUSP00000090360,8,8.078872384783653e-05,1,2.226353334084065,UP
Q9Z0H3,Smarcb1,10090.ENSMUSP00000000925,8,0.000330828948371674,2,-0.9531493411221142,DOWN
P35585,Ap1m1,10090.ENSMUSP00000003117,8,0.0005302388600988657,0,1.153924944347605,UP
Q9D9A7,Ptges3l,10090.ENSMUSP00000099391,8,0.00017539422162040957,2,0.8973134431758691,UP
P13707,Gpd1,10090.ENSMUSP00000023760,8,5.04614783214151e-05,1,1.6220120778149836,UP
Q8R2G6,Ccdc80,10090.ENSMUSP00000097097,8,0.0011313376136447982,0,1.1890803836876445,UP
Q9CQ10,Chmp3,10090.ENSMUSP00000109815,8,0.0010523770758301128,5,-0.814809448158107,DOWN
Q9Z1G3,Atp6v1c1,10090.ENSMUSP00000022904,8,0.000256914411175664,1,1.412036825778357,UP
P35293,Rab18,10090.ENSMUSP00000157011,8,0.0003841260871035659,2,2.586349670886298,UP
P09056,Lif,10090.ENSMUSP00000067066,8,6.0943158385559334e-06,0,-1.4991255748923995,DOWN
Q8R4N0,Clybl,10090.ENSMUSP00000026625,8,0.0024810525847923904,1,1.4345663925814105,UP
Q9ET22,Dpp7,10090.ENSMUSP00000028332,8,0.004271864064258487,4,0.6719739865543399,UP
P51660,Hsd17b4,10090.ENSMUSP00000025385,8,0.0013874854778306545,1,1.2841149062581816,UP
O35459,Ech1,10090.ENSMUSP00000066092,8,0.0014137279583182967,1,2.9942798055215065,UP
Q9JKB3,Ybx3,10090.ENSMUSP00000032309,8,0.00023547980223936288,3,3.353103824392939,UP
Q5FWK3,Arhgap1,10090.ENSMUSP00000106963,8,0.00045283954865894946,0,1.201375242504443,UP
Q810B6,Ankfy1,10090.ENSMUSP00000118751,8,0.0011036393885407029,0,-0.980165524612894,DOWN
P48759,Ptx3,10090.ENSMUSP00000029421,7,5.095008181689351e-05,0,0.6534951184619688,UP
Q9Z0P5,Twf2,10090.ENSMUSP00000024047,7,0.0005934028226751771,5,1.6678763879167589,UP
Q62188,Dpysl3,10090.ENSMUSP00000112928,7,0.0012306757696437312,5,-0.6847210537317896,DOWN
P30681,Hmgb2,10090.ENSMUSP00000065940,7,0.00018704071574793832,0,2.1060102713614173,UP
Q3UM45,Ppp1r7,10090.ENSMUSP00000027494,7,0.00020645515787468265,3,1.2825569719104857,UP
Q9JHJ0,Tmod3,10090.ENSMUSP00000072087,7,0.00015565303768905151,5,0.6977471700920749,UP
O54754,Aox1,10090.ENSMUSP00000001027,7,0.00030853498365413456,1,0.6349756938213516,UP
P55002,Mfap2,10090.ENSMUSP00000071868,7,6.534182354990473e-05,0,-1.1250834153752725,DOWN
P47199,Cryz,10090.ENSMUSP00000029850,7,0.0017883224985859691,1,1.144009269155152,UP
O35381,Anp32a,10090.ENSMUSP00000082652,7,0.00021224765434135797,2,1.7207299183581628,UP
Q8CG76,Akr7a2,10090.ENSMUSP00000073459,7,0.003388649472500857,1,-1.1780084894039489,DOWN
B9EKR1,Ptprz1,10090.ENSMUSP00000088056,7,0.0004104774373871342,0,1.811836593487196,UP
Q8VC30,Dak,10090.ENSMUSP00000157520,7,4.916103390687267e-05,1,0.6301154683281677,UP
P21614,Gc,10090.ENSMUSP00000046636,7,0.00034073450177756994,0,-1.3411925820398245,DOWN
Q64685,St6gal1,10090.ENSMUSP00000023601,7,0.00857537556293498,4,0.6294313078933709,UP
P11930,Nudt19,10090.ENSMUSP00000047778,7,0.0004290272983908493,1,0.9004126793696564,UP
P49443,Ppm1a,10090.ENSMUSP00000021514,7,0.00035350656861094355,2,-2.856413860334995,DOWN
E9Q557,Dsp,10090.ENSMUSP00000115062,7,0.0005297049393312721,0,1.4076362341585245,UP
Q9D7I5,Lhpp,10090.ENSMUSP00000033241,7,2.8737189199609585e-05,1,-0.5900249308290673,DOWN
P28474,Adh5,10090.ENSMUSP00000005964,7,0.00022047633931920947,1,0.7038344916845247,UP
Q9D8B3,Chmp4b,10090.ENSMUSP00000036206,7,0.0002000965567846897,5,2.2972474672780354,UP
Q8K411,Pitrm1,10090.ENSMUSP00000152229,7,0.0012721513741918745,4,0.8994604333848195,UP
Q71RI9,Ccbl2,10090.ENSMUSP00000101825,7,0.002946946492591209,1,2.003159255456092,UP
Q9CPY7,Lap3,10090.ENSMUSP00000040222,7,0.0028948363953443055,1,0.6144086521288178,UP
Q9CQT1,Mri1,10090.ENSMUSP00000122623,7,0.001317793253338652,1,1.3643909355750723,UP
Q03366,Ccl7,10090.ENSMUSP00000021011,7,3.5171827176394e-05,0,-0.7854910164327873,DOWN
P61967,Ap1s1,10090.ENSMUSP00000106709,7,0.00013035462985950134,0,-1.5896494490279982,DOWN
Q6NZB0,Dnajc8,10090.ENSMUSP00000092242,7,0.00011793300852385207,3,1.0795346093128524,UP
P05214,Tuba3a,10090.ENSMUSP00000084713,7,0.00048705238362642373,5,0.934428252873426,UP
Q99JT9,Adi1,10090.ENSMUSP00000020957,7,0.0006372165168394468,1,-1.563132593710093,DOWN
Q9CQU0,Txndc12,10090.ENSMUSP00000030296,7,0.0007370972877221839,1,1.0599622058676117,UP
P47941,Crkl,10090.ENSMUSP00000006293,7,0.0006900769669769572,0,0.5876820636056757,UP
Q811B1,Xylt1,10090.ENSMUSP00000032892,6,0.0012586282732963113,0,0.6804049480077656,UP
P51859,Hdgf,10090.ENSMUSP00000005017,6,0.00020845073678286158,3,1.0949376505469064,UP
Q9Z0E6,Gbp2,10090.ENSMUSP00000132435,6,0.0002055023003320134,0,0.6397085324711365,UP
P61971,Nutf2,10090.ENSMUSP00000008594,6,0.0001722574001176204,3,-0.8617649448367086,DOWN
Q11136,Pepd,10090.ENSMUSP00000075683,6,0.0011443384084597135,1,0.7604795310466532,UP
P97350,Pkp1,10090.ENSMUSP00000027667,6,0.00032237234230230013,0,0.8791708246415236,UP
P43275,Hist1h1a,10090.ENSMUSP00000062030,6,4.651710806850551e-05,0,0.8283286765333906,UP
Q9Z0J7,Gdf15,10090.ENSMUSP00000003808,6,7.065975634462802e-05,0,-1.418482925663633,DOWN
Q9WUZ9,Entpd5,10090.ENSMUSP00000071939,6,6.892936833911616e-05,1,1.8156686062998295,UP
Q78ZA7,Nap1l4,10090.ENSMUSP00000146474,6,0.00014381104649455138,3,3.530168342589996,UP
Q9CQ62,Decr1,10090.ENSMUSP00000029877,6,7.420746182231394e-05,1,1.1166956100304086,UP
Q9CWW6,Pin4,10090.ENSMUSP00000109257,6,0.00013618852905441495,1,2.0875747438783847,UP
Q99PL5,Rrbp1,10090.ENSMUSP00000016072,6,0.0009016963905493899,3,-0.5936524691583267,DOWN
P08905,Lyz2,10090.ENSMUSP00000089801,6,4.276594399495556e-05,0,0.7317976013751613,UP
Q9D8S9,Bola1,10090.ENSMUSP00000102716,6,0.00027795094249404245,1,-1.007246677633678,DOWN
P58389,Ppp2r4,10090.ENSMUSP00000046837,6,6.291658308218245e-05,3,0.966296938362308,UP
P53612,Rabggtb,10090.ENSMUSP00000129481,6,0.00018517987688627507,0,1.2260196586539438,UP
Q8R016,Blmh,10090.ENSMUSP00000021197,6,0.0020172045304659267,4,0.8258574402341237,UP
Q9R0M4,Podxl,10090.ENSMUSP00000026698,6,0.000449530503198112,0,1.6258705518570549,UP
P56395,Cyb5a,10090.ENSMUSP00000124480,6,0.0032257717488831258,1,0.9225208928427628,UP
Q8BWZ3,Naa25,10090.ENSMUSP00000038977,6,0.00017899985888825584,8,3.1318603190521346,UP
Q8VCA8,Scrn2,10090.ENSMUSP00000021249,6,0.004623841667592601,5,1.029268065100021,UP
P56380,Nudt2,10090.ENSMUSP00000030154,6,0.00031810257290875273,1,1.8085780031327616,UP
Q8BGF3,Wdr92,10090.ENSMUSP00000040938,6,3.855965173785255e-05,3,1.4594495220128456,UP
Q9JHW2,Nit2,10090.ENSMUSP00000023432,6,0.000488868380068231,1,1.1200267282305465,UP
P15535,B4galt1,10090.ENSMUSP00000030121,6,0.0029978870667641787,4,0.5964140813858619,UP
O08912,Galnt1,10090.ENSMUSP00000132142,6,0.000411618586220237,2,-1.1934582716192332,DOWN
P20065,Tmsb4x,10090.ENSMUSP00000107795,6,0.005354339007964162,2,0.7392733430692552,UP
P35282,Rab21,10090.ENSMUSP00000020343,6,0.0010120175947017068,0,-0.776996081208178,DOWN
Q9JHI5,Ivd,10090.ENSMUSP00000028807,6,2.043202201168567e-05,1,-1.4316047409529042,DOWN
O35657,Neu1,10090.ENSMUSP00000007253,6,0.00826196495724445,4,1.2988855933363634,UP
Q9CQI3,Gmfb,10090.ENSMUSP00000107448,6,9.768409142116199e-05,5,1.5189293451977153,UP
Q99JW2,Acy1,10090.ENSMUSP00000024031,5,0.003787818394068975,4,1.0063775273715068,UP
Q9D142,Nudt14,10090.ENSMUSP00000152599,5,0.00011189317867119278,1,1.5967838882989271,UP
Q8BHG1,Nrd1,10090.ENSMUSP00000102255,5,0.0007833507347161148,4,2.4217997840314753,UP
Q99KK7,Dpp3,10090.ENSMUSP00000025851,5,0.0008470763400567876,4,0.9929160923203528,UP
O08573,Lgals9,10090.ENSMUSP00000103904,5,1.3902095562751031e-05,0,0.8279629085282749,UP
Q9EQK5,Mvp,10090.ENSMUSP00000127250,5,0.0012837381838518168,4,1.7913851417047026,UP
Q64695,Procr,10090.ENSMUSP00000029140,5,5.2491000519396134e-05,0,0.6033814191291247,UP
Q9JME7,Trappc2l,10090.ENSMUSP00000015157,5,0.00024714866732869,0,1.006846588094746,UP
Q8R3Q6,Ccdc58,10090.ENSMUSP00000125874,5,0.0007549685710512948,1,1.848148485670102,UP
Q9R118,Htra1,10090.ENSMUSP00000006367,5,0.0029703548210320246,0,-0.6291420018917853,DOWN
Q8C0E2,Vps26b,10090.ENSMUSP00000034470,5,5.813329169794777e-05,0,0.9675712846906216,UP
P23249,Mov10,10090.ENSMUSP00000126897,5,9.348684387036422e-06,3,-0.660274792593811,DOWN
Q91YN5,Uap1,10090.ENSMUSP00000106983,5,0.0031181481097088165,1,0.7386323884362116,UP
Q9D0A3,Arpin,10090.ENSMUSP00000049440,5,0.0001526827350164278,5,-0.8714887185633827,DOWN
Q9CT10,Ranbp3,10090.ENSMUSP00000002445,5,7.118063155435624e-05,2,-1.3315863406252388,DOWN
Q8R0Y6,Aldh1l1,10090.ENSMUSP00000114304,5,0.0006053879848240696,1,-0.9477145812362922,DOWN
Q9WV98,Timm9,10090.ENSMUSP00000126298,5,7.852205593016052e-05,1,-1.4625886091766416,DOWN
Q80W22,Thnsl2,10090.ENSMUSP00000124423,5,2.242935706389401e-06,1,-1.4591230858178337,DOWN
Q9CR41,Hypk,10090.ENSMUSP00000106242,5,9.028978046622325e-05,8,1.1684735297547628,UP
Q99LJ1,Fuca1,10090.ENSMUSP00000030434,5,7.831878008162892e-05,4,-1.338216370464751,DOWN
Q91UZ5,Impa2,10090.ENSMUSP00000025403,5,0.0027182910035053794,1,0.8895509895385837,UP
Q62148,Aldh1a2,10090.ENSMUSP00000034723,5,0.000636711959051087,1,1.1427404164040331,UP
P04117,Fabp4,10090.ENSMUSP00000029041,5,4.8738554213621386e-05,0,-0.7791676621462482,DOWN
Q99KR8,Fuca2,10090.ENSMUSP00000113499,5,8.605979570716195e-05,4,0.8432255208075716,UP
Q8BPG6,Sumf2,10090.ENSMUSP00000126036,5,0.002535009310103596,6,2.4415565141602555,UP
Q61239,Fnta,10090.ENSMUSP00000016138,5,0.0007726075314731061,0,1.166157996601725,UP
Q9CQ45,Nenf,10090.ENSMUSP00000046311,5,0.005512868035955151,6,1.848642431364138,UP
O70493,Snx12,10090.ENSMUSP00000119102,5,0.000116173950487006,0,2.13846713443071,UP
O55057,Pde6d,10090.ENSMUSP00000027444,5,0.0002679561628563444,1,2.8478015569911532,UP
P21300,Akr1b7,10090.ENSMUSP00000007449,5,0.0010058588986155976,1,-1.197629439925491,DOWN
Q9DAW9,Cnn3,10090.ENSMUSP00000029773,5,0.0002020109257618968,5,2.7608653789223174,UP
P23506,Pcmt1,10090.ENSMUSP00000123866,5,0.0001565837523426688,1,0.8445872041451146,UP
Q8R0F3,Sumf1,10090.ENSMUSP00000032191,4,0.0002742162406314298,6,1.094000544257896,UP
Q8BVU5,Nudt9,10090.ENSMUSP00000031250,4,0.00010119916810415534,1,1.4568646191898298,UP
Q6ZQI3,Mlec,10090.ENSMUSP00000107749,4,0.0003135302445293423,0,0.7381130805206361,UP
Q8BH69,Sephs1,10090.ENSMUSP00000027973,4,0.00026139998372130667,1,-1.5173724450652444,DOWN
Q9EST5,Anp32b,10090.ENSMUSP00000099990,4,1.3632222827957845e-05,2,3.1257568665957005,UP
Q6P3D0,Nudt16,10090.ENSMUSP00000035179,4,1.0970057704995183e-05,1,1.168744360669003,UP
Q9CQM5,Txndc17,10090.ENSMUSP00000021158,4,0.00015644462416006217,1,-1.942337265548184,DOWN
Q61072,Adam9,10090.ENSMUSP00000146545,4,3.595691494702862e-05,0,-1.6409290462563204,DOWN
Q80UG5,2018-09-09 00:00:00,10090.ENSMUSP00000091435,4,0.002807253463461317,9,1.0299737001051752,UP
Q8R146,Apeh,10090.ENSMUSP00000141856,4,0.0022414328340776956,4,1.1608703163930036,UP
Q60648,Gm2a,10090.ENSMUSP00000000608,4,0.0005853225041635893,4,-0.6551565127602098,DOWN
O09174,Amacr,10090.ENSMUSP00000066915,4,0.00024551203107215443,1,-3.6865809798631393,DOWN
P61458,Pcbd1,10090.ENSMUSP00000020298,4,0.000295044321697445,1,1.6327777390744558,UP
Q99JF8,Psip1,10090.ENSMUSP00000030207,4,1.1093595929850792e-05,2,1.0534266595676882,UP
Q9CQE8,Rtraf,10090.ENSMUSP00000022341,4,1.1801061682401744e-05,3,1.1415030499222794,UP
Q9CZL5,Pcbd2,10090.ENSMUSP00000021958,4,0.0007259525706228115,1,-1.6337017446333155,DOWN
O88952,Lin7c,10090.ENSMUSP00000028583,4,0.0001741377347780399,2,-0.8721306289819784,DOWN
O08795,Prkcsh,10090.ENSMUSP00000110987,4,2.639187448916526e-05,0,0.7318636408909805,UP
P50429,Arsb,10090.ENSMUSP00000088964,4,0.00034701709046276616,6,0.9406373572415552,UP
P55292,Dsc2,10090.ENSMUSP00000074702,4,2.105680592451878e-05,0,-0.7113673815090014,DOWN
P30115,Gsta3,10090.ENSMUSP00000027067,4,0.00010254760587399742,1,2.737802295943853,UP
Q9D880,Timm50,10090.ENSMUSP00000080614,4,0.00012130006883197681,1,-2.7276559524896413,DOWN
Q9Z0S1,Bpnt1,10090.ENSMUSP00000147674,4,0.00040694424419218493,1,0.5884571229832034,UP
P60487,Pdxp,10090.ENSMUSP00000086796,4,0.001337027003695486,1,0.6779012434500032,UP
P01029,C4b,10090.ENSMUSP00000069418,4,6.0980921270737454e-05,0,2.669429410171504,UP
P49935,Ctsh,10090.ENSMUSP00000034915,4,0.0001192730418109829,0,-1.1538874924524487,DOWN
Q9CY64,Blvra,10090.ENSMUSP00000002064,4,4.251787619122663e-06,1,0.9416119615481862,UP
Q6PE15,Abhd10,10090.ENSMUSP00000065282,4,0.0030084031693324554,4,2.0383943397485984,UP
Q9CXF4,Tbc1d15,10090.ENSMUSP00000020339,4,0.0005774650277884436,0,-0.7291707513134005,DOWN
Q3UL36,Arglu1,10090.ENSMUSP00000039493,4,1.92966325829738e-05,3,-4.804144857423629,DOWN
P97464,Ext1,10090.ENSMUSP00000076505,4,0.00270745477720914,0,1.4161623641726415,UP
Q9WVK4,Ehd1,10090.ENSMUSP00000025684,3,0.0,0,-2.123618020627148,DOWN
Q921V5,Mgat2,10090.ENSMUSP00000057905,3,0.0005425048251410679,4,-1.4140309416645036,DOWN
Q06138,Cab39,10090.ENSMUSP00000108987,3,0.00014896965401517252,2,1.6054288193516073,UP
Q9CQR6,Ppp6c,10090.ENSMUSP00000028087,3,9.883622445830725e-07,2,0.5942181057355533,UP
Q8BGC4,Zadh2,10090.ENSMUSP00000052544,3,7.914801389674173e-05,1,2.339979938972136,UP
Q62179,Sema4b,10090.ENSMUSP00000032754,3,0.0027115620118958136,11,0.617708862960229,UP
Q9QZE7,Tsnax,10090.ENSMUSP00000075290,3,0.0008843886055999394,10,0.7867050827466557,UP
O35684,Serpini1,10090.ENSMUSP00000029423,3,4.7745431980085205e-05,0,0.9554121086520648,UP
Q05186,Rcn1,10090.ENSMUSP00000006128,3,6.277416464482569e-05,0,0.8426965243415404,UP
Q91W39,Ncoa5,10090.ENSMUSP00000046388,3,2.4791215713930907e-05,0,-1.047104965993786,DOWN
Q80WB5,Wdyhv1,10090.ENSMUSP00000064622,3,0.0005391642672109497,4,0.7372772915140937,UP
Q6WKZ8,Ubr2,10090.ENSMUSP00000108963,3,0.00040305775415349195,4,1.1417680739945435,UP
Q03146,Ddr1,10090.ENSMUSP00000112570,3,2.2389840612265802e-05,0,0.7237620939095459,UP
Q4QY64,Atad5,10090.ENSMUSP00000017694,3,1.628249284522493e-05,2,1.4170924496510804,UP
Q8VCX1,Akr1d1,10090.ENSMUSP00000048830,3,9.896909217964126e-05,1,-0.7962665491631898,DOWN
Q9QWR8,Naga,10090.ENSMUSP00000023088,3,0.00036951267708551164,4,1.5000085242458872,UP
Q9CYZ2,Tpd52l2,10090.ENSMUSP00000117690,3,7.888176583016413e-06,2,-0.8172244932645435,DOWN
P12804,Fgl2,10090.ENSMUSP00000046131,3,2.9721925206843083e-05,0,0.5955054506739668,UP
O70400,Pdlim1,10090.ENSMUSP00000064545,3,0.0,5,-1.5690844439597236,DOWN
P82343,Renbp,10090.ENSMUSP00000112277,3,0.00019384981456633423,4,-1.3425034098327622,DOWN
O70433,Fhl2,10090.ENSMUSP00000008280,3,3.548992955174001e-05,1,0.9944193404286408,UP
P97315,Csrp1,10090.ENSMUSP00000095169,3,7.415142954602954e-05,0,0.9703935960618946,UP
Q9DBB8,Dhdh,10090.ENSMUSP00000011526,3,6.636421784249316e-06,1,1.199461128257643,UP
Q8VCR7,Abhd14b,10090.ENSMUSP00000038755,3,0.002794166028917697,4,-4.576399201098807,DOWN
Q9JMI7,Tex101,10090.ENSMUSP00000077150,3,0.0005228238205970723,0,1.3142749028414575,UP
P47931,Fst,10090.ENSMUSP00000156375,3,8.118876840286508e-06,0,0.747962657347286,UP
Q99KN2,Ciao1,10090.ENSMUSP00000003759,3,5.081632426987049e-05,2,2.085343597098782,UP
P85094,Isoc2a,10090.ENSMUSP00000131514,3,0.0002014579059413337,1,2.4069821536642335,UP
Q9QZ08,Nagk,10090.ENSMUSP00000109482,3,0.0006447728909113503,4,0.784769413206767,UP
Q9EQ80,Nif3l1,10090.ENSMUSP00000084799,3,9.786609569712884e-05,2,1.4690734785286734,UP
P70665,Siae,10090.ENSMUSP00000149505,3,0.0002126357093156894,4,0.8407533441351639,UP
Q9WTZ2,Mbtps1,10090.ENSMUSP00000095965,3,6.880876936356375e-05,0,1.2016387938958584,UP
P97798,Neo1,10090.ENSMUSP00000063656,3,0.0027223711784567254,0,-1.4705213068165204,DOWN
Q8R0F8,Fahd1,10090.ENSMUSP00000055827,3,1.192566906759069e-06,1,1.943520433046268,UP
Q8VCT3,Rnpep,10090.ENSMUSP00000076564,3,0.00011791888542191816,4,0.7306935531898711,UP
O09114,Ptgds,10090.ENSMUSP00000015234,3,0.00013417028695262206,2,-0.880973789250011,DOWN
Q61792,Lasp1,10090.ENSMUSP00000042123,3,7.506532746818252e-05,0,1.452482653876095,UP
Q6P8J2,Sat2,10090.ENSMUSP00000104296,3,0.0,2,1.4427149582532914,UP
Q03173,Enah,10090.ENSMUSP00000077781,3,0.0017359522930749309,0,1.3167521812459926,UP
Q9JK81,Myg1,10090.ENSMUSP00000109312,3,3.2398692390569337e-06,1,0.598642951947592,UP
Q64514,Tpp2,10090.ENSMUSP00000085244,3,0.0002024035817377021,4,0.5918350433769299,UP
Q9D8S4,Rexo2,10090.ENSMUSP00000034524,2,1.3085315317560607e-05,1,1.0291110268593284,UP
Q9Z2Y8,Prosc,10090.ENSMUSP00000033875,2,1.819221124815869e-05,1,-1.6954383269984308,DOWN
Q9D964,Gatm,10090.ENSMUSP00000028624,2,0.0,1,0.8490694229487525,UP
Q9WTL7,Lypla2,10090.ENSMUSP00000064204,2,5.784342938379062e-05,4,0.7183388529465965,UP
P59242,Cgn,10090.ENSMUSP00000159109,2,1.0462035313138082e-05,0,-0.6084612960094544,DOWN
Q99J36,Thumpd1,10090.ENSMUSP00000033236,2,4.4825734408328685e-05,10,1.5983707151218152,UP
Q8CG72,Adprhl2,10090.ENSMUSP00000099677,2,0.0003191917343960273,0,0.7576298704631828,UP
A2AX52,Col6a4,10090.ENSMUSP00000112472,2,0.0,0,-0.7787524974106927,DOWN
Q9JI75,Nqo2,10090.ENSMUSP00000053809,2,2.00094974154109e-05,1,-1.305816271233116,DOWN
Q8BRK9,Man2a2,10090.ENSMUSP00000095949,2,0.0,4,0.6266932595602102,UP
Q9QXZ0,Macf1,10090.ENSMUSP00000095507,2,0.0,0,-1.3093831938542522,DOWN
Q9JL35,Hmgn5,10090.ENSMUSP00000033597,2,4.700114801959008e-06,3,2.018601040838401,UP
Q9DC11,Plxdc2,10090.ENSMUSP00000028081,2,2.79815531586202e-05,0,1.3920406515813155,UP
Q9JHE3,Asah2,10090.ENSMUSP00000157424,2,0.00018674713944516545,0,0.9085507668404044,UP
Q91V88,Npnt,10090.ENSMUSP00000091505,2,0.0,0,2.8523760052853655,UP
Q9DAI2,Ift22,10090.ENSMUSP00000143488,2,9.578434354136906e-05,1,-1.488395529656052,DOWN
P97352,S100a13,10090.ENSMUSP00000047737,2,0.0,0,-0.6882027581024222,DOWN
Q9DCJ9,Npl,10090.ENSMUSP00000037454,2,7.2984177030419805e-06,4,2.0210691081701624,UP
P02802,Mt1,10090.ENSMUSP00000034215,2,7.432719169754031e-05,0,1.9646692619945152,UP
P28667,Marcksl1,10090.ENSMUSP00000055637,2,1.4970348160863912e-05,5,1.651537679070514,UP
Q920A5,Scpep1,10090.ENSMUSP00000000287,2,0.00021421903179706013,4,0.6530723746504004,UP
Q9JJU8,Sh3bgrl,10090.ENSMUSP00000033598,2,7.726045657157965e-05,4,-0.9043905611504548,DOWN
P21570,Ang,10090.ENSMUSP00000067434,2,4.170524401738275e-06,7,-0.917732692601188,DOWN
Q9ES89,Extl2,10090.ENSMUSP00000029575,2,0.0,0,0.6647525657431173,UP
Q9CPT3,Nanp,10090.ENSMUSP00000063895,2,0.002486754744650941,4,0.7774986100713841,UP
P63254,Crip1,10090.ENSMUSP00000143680,2,0.0,0,0.6275127913003445,UP
Q5M8N0,Cnrip1,10090.ENSMUSP00000050036,2,0.00011693668660930603,9,1.571786784617352,UP
Q8R242,Ctbs,10090.ENSMUSP00000059167,2,5.493763691880819e-05,4,1.060989874243761,UP
O89051,Itm2b,10090.ENSMUSP00000022704,2,7.789774542108653e-05,0,-2.8540732142794076,DOWN
O08716,Fabp9,10090.ENSMUSP00000029038,2,0.00013745929293972617,1,0.7174292229743646,UP
Q9JJH1,Rnase4,10090.ENSMUSP00000022428,1,0.0,7,0.9522355651288256,UP
O70423,Aoc3,10090.ENSMUSP00000099394,1,0.0,1,-1.0025533984265549,DOWN
Q62048,Pea15,10090.ENSMUSP00000013842,1,0.0,2,2.174889168051722,UP
Q8K0G5,Tssc1,10090.ENSMUSP00000152220,1,0.0,4,-0.946360162031862,DOWN
Q9ER65,Clstn2,10090.ENSMUSP00000035027,1,0.0,12,1.381665137738611,UP
Q8BG73,Sh3bgrl2,10090.ENSMUSP00000108841,1,0.0,3,-1.094911574772354,DOWN
Q8K354,Cbr3,10090.ENSMUSP00000047712,1,0.0,2,0.6739071789989323,UP
Q64449,Mrc2,10090.ENSMUSP00000097909,1,0.0,0,1.186066703497449,UP
B2RXS4,Plxnb2,10090.ENSMUSP00000104955,1,0.0,11,-2.300464441124056,DOWN
Q8C0F9,Prss35,10090.ENSMUSP00000035271,1,0.0,0,-1.332578844615964,DOWN
A3KMP2,Ttc38,10090.ENSMUSP00000114504,1,0.0,4,1.3852293868497565,UP
Q9Z0H6,Cst9,10090.ENSMUSP00000028935,1,0.0,12,1.5072539645089815,UP
Q9D967,Mdp1,10090.ENSMUSP00000002400,1,0.0,2,-0.6390761914168435,DOWN
Q91VW3,Sh3bgrl3,10090.ENSMUSP00000030651,1,0.0,2,-0.6836306948688575,DOWN
O70340,Nptx2,10090.ENSMUSP00000071687,1,0.0,0,1.0278811118854927,UP
Q8R3B1,Plcd1,10090.ENSMUSP00000010804,1,0.0,1,0.9638060522187296,UP
P81117,Nucb2,10090.ENSMUSP00000032895,1,0.0,6,-0.962132118511811,DOWN
Q9DAU1,Cnpy3,10090.ENSMUSP00000050309,1,0.0,6,-0.8750100367584897,DOWN
Q91XE4,Acy3,10090.ENSMUSP00000050056,1,0.0,4,-0.5910526804460364,DOWN
Q8VDG5,Ppcs,10090.ENSMUSP00000030385,1,0.0,1,1.9138246162432155,UP
Q8C1B7,2018-09-11 00:00:00,10090.ENSMUSP00000144235,1,0.0,9,-1.3308469719187084,DOWN
Q9CQ89,Cuta,10090.ENSMUSP00000025027,1,0.0,1,0.755532435736167,UP
P97346,Nxn,10090.ENSMUSP00000021204,1,0.0,2,1.8501139870895824,UP
Q6P069,Sri,10090.ENSMUSP00000118221,1,0.0,2,0.7135246772423418,UP
Q61142,Spin1,10090.ENSMUSP00000093473,1,0.0,2,-1.1429774081149324,DOWN
A6H630,Armt1,10090.ENSMUSP00000093581,1,0.0,3,0.5966742337961589,UP
Q91VI7,Rnh1,10090.ENSMUSP00000147928,1,0.0,7,0.647329411097116,UP
P55821,Stmn2,10090.ENSMUSP00000029002,1,0.0,3,-0.8264051534635717,DOWN
P52795,Efnb1,10090.ENSMUSP00000050716,1,0.0,0,1.985992278910421,UP
P62500,Tsc22d1,10090.ENSMUSP00000044517,1,0.0,3,-1.1575914974007775,DOWN
Q99LD8,Ddah2,10090.ENSMUSP00000007255,1,0.0,2,-1.6381172079278126,DOWN
Q9Z2C8,Ybx2,10090.ENSMUSP00000018698,1,0.0,2,-1.692124885489719,DOWN
Q8BNA6,Fat3,10090.ENSMUSP00000080808,1,0.0,0,1.2882571762389423,UP
Q8BME9,Cbln4,10090.ENSMUSP00000085263,1,0.0,0,1.3441797243359794,UP
P50295,Nat2,10090.ENSMUSP00000130065,1,0.0,1,2.3313314781000516,UP
Q9Z0Z4,Heph,10090.ENSMUSP00000033553,1,0.0,1,-1.444153158102525,DOWN
Q8BP40,Acp6,10090.ENSMUSP00000088263,0,0.0,30,0.760644648120751,UP
Q3SXD3,Hddc2,10090.ENSMUSP00000000304,0,0.0,32,1.6358968403180845,UP
Q8BHN0,Ppm1l,10090.ENSMUSP00000029355,0,0.0,29,-1.192625067126237,DOWN
Q62266,Sprr1a,10090.ENSMUSP00000053751,0,0.0,56,1.3036111035594673,UP
Q6PDJ1,Cachd1,10090.ENSMUSP00000030257,0,0.0,54,0.9394288081223888,UP
O88452,Stc2,10090.ENSMUSP00000020546,0,0.0,53,1.845453564373394,UP
Q9CR86,Carhsp1,10090.ENSMUSP00000008537,0,0.0,31,1.126522546393717,UP
O35127,Grcc10,10090.ENSMUSP00000004389,0,0.0,55,-1.3423247384107504,DOWN
Q9ET26,Rnf114,10090.ENSMUSP00000104837,0,0.0,39,1.8390294437235668,UP
Q8BGL1,Ppm1n,10090.ENSMUSP00000032560,0,0.0,52,1.9650880532064892,UP
O54983,Crym,10090.ENSMUSP00000033198,0,0.0,19,2.8575764912020363,UP
Q9WUD8,Faim,10090.ENSMUSP00000108532,0,0.0,24,-0.8714578100458816,DOWN
Q4KML4,Abracl,10090.ENSMUSP00000020002,0,0.0,45,-1.4623191071515254,DOWN
Q61599,Arhgdib,10090.ENSMUSP00000032344,0,0.0,44,-1.624998986680145,DOWN
Q9JHQ5,Lztfl1,10090.ENSMUSP00000026274,0,0.0,17,-1.301763014145541,DOWN
Q3TMX7,Qsox2,10090.ENSMUSP00000037128,0,0.0,23,-2.3102376588445317,DOWN
Q9JMG7,Hdgfrp3,10090.ENSMUSP00000102926,0,0.0,38,2.3849200623081765,UP
O55091,Impact,10090.ENSMUSP00000025290,0,0.0,43,0.8115760298368344,UP
P12399,Ctla2a,10090.ENSMUSP00000021880,0,0.0,26,1.0550694566043328,UP
Q8BHG2,Czib,10090.ENSMUSP00000119565,0,0.0,20,-0.7898531135965376,DOWN
Q8BK62,Olfml3,10090.ENSMUSP00000029440,0,0.0,42,2.64167886117142,UP
Q76KF0,Sema6d,10090.ENSMUSP00000099529,0,0.0,21,1.500379836178796,UP
Q91WM2,Cecr5,10090.ENSMUSP00000074775,0,0.0,41,-2.681886619164372,DOWN
Q8BM88,Ctso,10090.ENSMUSP00000029649,0,0.0,22,0.7711165319614144,UP
Q61845,Meig1,10090.ENSMUSP00000070310,0,0.0,40,1.002778455209551,UP
Q8BI72,Cdkn2aip,10090.ENSMUSP00000148441,0,0.0,25,1.2454403023719902,UP
Q9WTM3,Sema6c,10090.ENSMUSP00000088333,0,0.0,16,1.414992532819617,UP
Q921M7,Fam49b,10090.ENSMUSP00000066359,0,0.0,13,0.6397831023754584,UP
O89112,Lancl1,10090.ENSMUSP00000109612,0,0.0,36,1.3032143838861625,UP
Q8BRH0,Tmtc3,10090.ENSMUSP00000061470,0,0.0,51,1.2751629250693808,UP
Q7TMR0,Prcp,10090.ENSMUSP00000075429,0,0.0,33,-0.9031633176424088,DOWN
Q8BFS6,Cpped1,10090.ENSMUSP00000093992,0,0.0,28,0.7327025425916112,UP
Q8VE43,Metrnl,10090.ENSMUSP00000038126,0,0.0,34,0.6980877526295182,UP
Q9CR98,Fam136a,10090.ENSMUSP00000071426,0,0.0,27,1.6617666128703548,UP
Q91XA2,Golm1,10090.ENSMUSP00000022039,0,0.0,35,-0.6619782500771895,DOWN
Q9CWS0,Ddah1,10090.ENSMUSP00000029845,0,0.0,14,0.8503363836356996,UP
Q61477,Nbl1,10090.ENSMUSP00000045608,0,0.0,46,-1.2256194416160966,DOWN
Q8BP92,Rcn2,10090.ENSMUSP00000109915,0,0.0,15,0.64275371873941,UP
Q9D820,Prorsd1,10090.ENSMUSP00000048099,0,0.0,50,-0.9845416194871424,DOWN
Q62422,Ostf1,10090.ENSMUSP00000025631,0,0.0,49,-0.8502262063049941,DOWN
Q8K479,C1qtnf5,10090.ENSMUSP00000110469,0,0.0,48,-0.7383485321921555,DOWN
Q91VH6,Memo1,10090.ENSMUSP00000156607,0,0.0,37,3.940526071446443,UP
Q8K135,Kiaa0319l,10090.ENSMUSP00000099667,0,0.0,47,-3.3542013569915063,DOWN
P53811,Pitpnb,10090.ENSMUSP00000142732,0,0.0,18,0.7245257160940938,UP
